video_id,target_day30_views
7400582591771938090,230.0572459103171
7403167206978374958,496.521484565688
7435124823820356906,803.2648030454247
7409800970143714606,639.7021078616228
7410935177553333550,296.1087457032792
7432809888033656095,856.7830675379383
7405432909278022955,6900.179467594007
7384996099955756331,578.7391301681195
7421705386400517406,2438.171224339875
7414296612047965470,652.2861725186126
7405005636637084974,13465.975852832124
7395033235912265002,397.1621852754589
7406526842401754398,1056.771758447186
7402767039548362027,4606.200002358321
7387202628826008874,620.8918157259076
7435131105532988718,2701.2224871171607
7396537190651677983,283.19736856236386
7415091981367479595,2725.6888105238663
7412051047176359211,4842.110543563546
7402406665280048415,246.06791822415508
7405803040613141803,1630.7329519131035
7407214747952663850,1299.4189026889965
7422061083000589614,1135.7292469334652
7409483348420365614,540.2393925817388
7399134846527868190,1535.2019440602198
7398308009585200427,844.2633082113473
7387968848881880366,2375.0819136111554
7392787323831864619,832.0165717539646
7425026165921844523,703.6899125739249
7392370893202279723,953.2067311115618
7426170246320426286,50510.130376022375
7418401395553864967,3191.2754467086825
7385679521246121223,2097.824540885327
7395342453454458158,11323.987834587895
7433936792929209642,880.0975424836131
7418353610259500334,473.2498992353817
7386109379944271146,1425.263204737617
7428787675060194606,1851.8516833642298
7407207575680208174,877.5904637244831
7393145639640501535,1562.9076296437552
7425088749089885471,1288.6780538827934
7435474047145659678,1430.2569901967877
7402046304215371051,222.43986274372676
7434382150364826910,796.3426539121258
7426899228078722334,514.3543492531379
7423959756324310314,2434.1277419962425
7399096884222102826,9194.761451795557
7401682493629271342,882.1115278930988
7418739347882560811,2350.3143016605673
7400612253604613422,296.04984963152486
7410551298208320814,607.56741207206
7422834143098096927,5819.435174994534
7420976675564834079,627.1529488756555
7426577071427767598,179.90408874294212
7410943285612563755,1482.931938278803
7416901150449929502,991.5743828692389
7428366024162004255,1319.6330224005364
7418358321180134687,901.2712519349062
7390964003364670750,1794.9022629319352
7387204071054200106,1344.7952136224965
7386453463162572062,5340.6861155744855
7435057046040431915,1436.3236766978046
7411363294361013546,428.91620157648396
7406460963798437166,549.4260488713608
7394633431608528171,576.2210346755514
7399101881882119454,579.8672247854297
7417674637351472426,2827.5473793775523
7394640227144568110,8460.930012946277
7414995501646646574,367.6502638101081
7411672167026527534,555.0523862950105
7405433554634722606,686.4772751841881
7423902517496466718,762.9717160128498
7415749879533833518,400.3215375147652
7399810513766468907,2355.4589236752036
7400238529617399070,486.27996500586886
7421350699532832031,2476.55165461938
7402078657465928991,87.44637239507965
7392808673279528222,8604.18926588465
7415404124210056490,907.881014363364
7424703674397642030,4984.183806193934
7419489999558659359,1798.8122563222687
7387182041995119918,15693.930452519542
7395049091043986730,410.9246888740444
7405754593310788906,1499.2877755804489
7386835238007196958,1066.547119847867
7428371782471748910,701.3738987852962
7410622195556240683,6574.961936966052
7409867497534426398,225.3949710162948
7404237097919368490,354.71949683993984
7433974466306247943,1036.9481276191634
7428754759886097707,2695.579449785295
7429095385358175534,4066.99976964334
7434774989301239071,3486.9554701224306
7432845982120807722,2725.7529914348397
7420586737040133419,3640.567113613223
7386805031988759839,968.7300128393047
7399860960682593582,2443.3001332760873
7399415688378600735,1028.5823214090585
7412400413778939167,489.65050193693156
7398299355205225771,970.7411238629851
7391627587631467818,257.23551483696906
7417607977567374635,159.9689816968825
7402396772443737387,905.7862063777277
7402042601689386270,442.368696132578
7403118620764622110,2016.0379623206459
7428081974922824990,1062.8747889416265
7405416980687129886,430.6921735187325
7422057833253883179,27203.353989291114
7419135592329415978,750.8333293189919
7424004112133475614,668.4608641447588
7385784706400324906,408.0933595475848
7401295918844185887,2916.1673139926843
7390515745320373546,2503.7851347261676
7418740691058216238,2169.600232743677
7416905632097357086,930.6916801810687
7429465720859233566,476.5598930166074
7386422957406506283,679.0837486951133
7406513564241988895,369.81912390107516
7400537117132148011,1349.1697487254175
7429514662275861791,1306.8935524374142
7413606141797715230,2064.702823981268
7415747895900556586,2950.3310088125822
7433258385459514667,3447.2704207116403
7417597951901568298,4223.954057100878
7419101882007883054,2329.5572043724937
7390556921536793902,2359.792099689667
7386834163959221534,659.3134655199786
7403170967855303979,1489.629112044814
7405750922518744363,10664.451163585787
7395354004898827551,476.3084271124559
7386810389679476014,944.6513596734602
7418032489047936286,775.051826536406
7429183279326137631,691.7688854399285
7433298495043456302,386.97971311052123
7407610179648261406,473.8529100190202
7425044410687081771,513.3004740916903
7429508392458177835,367.12826175405985
7384593247043210539,10925.565975216583
7403119942674992426,1315.9202172358546
7396524940805131550,486.9092819191681
7395003414947597610,562.9895224624606
7399125064660176158,1397.840802553961
7418707411667520810,1479.8478817611476
7402014296873372934,3918.5845053821504
7429551240448707871,3145.8487554067165
7405075980164877614,527.2445618822135
7434755987778719006,482.9168472486208
7404603897848794410,521.2920443055049
7427305005612272926,1917.3635202747903
7407617294114917678,7040.809739626141
7384597663850712366,1430.8433866848666
7387184300464098591,324.07968740301953
7422835664300854558,35617.01873605563
7403571035041172766,3492.005688944382
7427704270004243755,263.3183942242221
7392013834191424811,399.4739587705226
7385388623253867807,216.05603384674146
7403157322547137835,1001.2151393382112
7435126104500784427,608.6326597552693
7402410113312492830,604.7536210662505
7428442114956004651,1503.0924988908498
7398018597068573994,559.8575051769457
7420195608205511979,717.5055526285641
7400568447739956510,1711.3920014502246
7393500623703919902,2082.937420506995
7384197193470676266,1164.7760212131202
7425819627881631007,1182.3261458404993
7391988856859413803,552.389083178024
7394959859441028383,6833.424658051066
7392389808795946270,977.6350754119643
7408689871612546346,1289.0283494360187
7426534462911089966,2641.6101459038355
7405760048045018398,2360.984626505831
7429487386511314219,1836.948861956137
7400903317452377386,486.0346093198235
7395349807084260654,1066.095321452387
7386427295763811614,428.62392512085205
7429142783031610667,2183.5259089357323
7389824480929041710,1330.1643577385998
7384994809880137002,1063.4187267634723
7399799011646967082,756.8429215589254
7427255125485309215,3021.253956440318
7426146829030477099,199.46124089681905
7435085768453868843,1359.636080537697
7385708038809816366,2038.5324424478433
7423174539900865838,504.81695568043057
7412028030144564510,1446.0342536899348
7428790097413213482,1747.7595186510525
7402453012570049822,147.57085490618607
7392401531842153774,463.8312585869259
7404605429533281582,935.0633033436576
7400968131398651179,441.61607629687
7429536498334125342,1136.7934903936944
7390528032202657054,5690.364558084656
7400190911205887263,235.91945293934484
7433605080915447070,2203.103039677837
7425421366616247595,877.2653045978577
7385708418293665066,572.6276736383185
7423179464898579758,2089.94750000896
7388354128382151982,480.6429379341603
7385042701953027374,2465.25972166478
7392038251499900191,3115.731094744197
7420996934216830251,1517.4277937788102
7429188930160839978,1705.701493218617
7391620705374276906,500.7665790168645
7408701167305379115,1101.7491541765048
7394227723796761898,1806.9212535323156
7387939062126021930,493.21177119473816
7432881873254239531,1529.2524953066772
7422145468760673567,942.475328162156
7400936062324968747,408.3119082677939
7434347745135037739,456.01305710937197
7397256243208834346,3606.6980423279642
7406532297777876254,1294.2539814320012
7393131409604414751,302.30782758314683
7410616747654532394,9830.024441510137
7424655538329242911,1161.7688758911181
7435118899743477022,319.36238693995034
7386443898270256426,1888.7971389964273
7400537701524557099,3322.1526375063554
7387941161249328430,1295.5826896619956
7390180777595571487,1450.1526420944506
7405078626628013342,1477.6829442895457
7426529114862963998,5094.095849660701
7386820472593370414,1353.5107927368754
7434681648970714411,5540.8331673177645
7389027260826684702,2290.6769047159432
7428767632909962542,970.5823105446153
7392397597501148459,655.2225818240581
7408016031983144238,898.1638366499838
7420970955939400991,29462.83688279653
7413938820191636779,435.31787204732666
7418008443040058655,1709.698154288775
7392392274816159018,1041.3647815787085
7423180516393897247,635.2320917258107
7395005246159752491,1816.1824566598798
7416917268908674350,259.4485360734723
7387975451173522731,606.7793915458254
7429525800497499422,1192.1282611007819
7425069066311699754,1427.911514313099
7411331198053584158,12663.342680464404
7420204643348811054,916.2789108562973
7402756653801590046,918.350309098762
7422852768647482666,2388.008569879666
7428727887777303850,542.1378813102446
7410199291588807979,12810.816904064452
7394968268567481631,517.4942710936443
7410956772648799534,1707.6140548647577
7406546018109558046,36.05263253184435
7422078732065672491,1417.284000295388
7417294048228134187,3108.563526686432
7409852350698966315,13116.79403452469
7394960086201863470,360.89096390045023
7400913972762840362,682.9443282018651
7412049352065076522,578.6190259817636
7405033536081628459,342.4773743600969
7411005232026553631,1409.0430794855733
7385030378458795294,272.6037002950716
7399809501030829354,1916.759311085502
7398747883777936683,554.2446061071008
7407965474635664686,582.4371179773896
7432907264069078303,828.4662838868109
7413508837736549674,1753.4273151659934
7428031998515481887,2557.6665698887377
7420235476117867806,203.52167813001202
7429495899027655982,75692.10210288099
7413598688884297006,185.51157378681592
7399490260452855082,1820.2893598495657
7417647768728046879,343.58283093070304
7414334985060109611,1408.4718793305997
7392762322667769118,6024.359892247496
7394623624965000494,644.5223956092974
7400595520424578346,957.5367939906461
7407608564271025454,797.8428940439591
7427656492729371946,1542.4389567103358
7427994394915065119,3282.348334805213
7411689535488199979,577.3418979088779
7384957309576809759,204.48706562601737
7390177484827790622,1058.7633757373444
7419844303398178090,483.8317560647382
7405036418600275246,2102.588718192127
7397198664294288670,196.31391699228737
7434712238608567598,2317.125753946725
7394959055652932906,1375.1572690296603
7400532286430645546,1161.3581509929186
7410175337646132522,833.8184966796915
7395046297935367466,937.6335873439066
7392751274820750622,5498.141771030435
7395414429183003934,485.33565968886506
7418004597601586474,456.91778095966043
7399428049315401002,756.7098151409263
7403136001821936939,594.1053690535371
7385339319537634606,366.88627224068057
7398696636412628266,1283.5343294735508
7422081620112346411,1172.9473390776868
7395756149515111723,1542.7340130761618
7415445913704926506,1008.3706899707379
7400254248883096874,3182.4333757039776
7429540747432561963,1148.347146674606
7389764738965589279,344.18779149206046
7420592303825227051,63451.06019582138
7389403396215721259,1282.869359884669
7409145825797901599,465.7005776330976
7423212846521027883,479.07055398046975
7420261050337217838,700.5064425636725
7394610117183917342,510.1928596159279
7433954474235940126,295830.7462738741
7421378987148037406,946.0279210120586
7384575308319509802,1796.3849139609742
7425417968772861215,6264.984277425961
7415448300322655531,2372.119194604254
7394304560434597166,1233.0081309081363
7398700283506838830,436.6358582042576
7412041491641584927,1142.3126364898894
7426883927329000735,462.44660023606446
7403497455452491050,1014.5876601806152
7395801216229330206,1011.7472699049722
7394612767757471006,5829.744099291431
7414994317258919198,22703.952784882484
7415397552939420971,2943.3725396525333
7395352300631411998,261.41571049032433
7419834661708238123,3041.636683265131
7422813374213262635,2666.880238026205
7389091579316981038,11790.66619820007
7389486626503757098,111.65784151037191
7387933753944870175,166.04930201761863
7396163828511395118,429.0776986437878
7420608648449248543,1824.5774302694049
7392766090905931051,2701.140784441001
7418431055541128490,853.236518815814
7423219891802492190,687.0189833092547
7433964421753474346,21378.252169152474
7407995977350630687,953.9667883791287
7421773158308384042,2711.6714577921352
7413919495514869022,937.506408444302
7392057702962253087,632.7610234396155
7401697666700299563,1292.117101385235
7429507538544086315,7727.298532513564
7387967752755105067,1670.8149934611781
7398334195405294891,1348.9402967122855
7423231507571002666,750.5072405664655
7389097864774831403,1263.1264080736796
7405070388075482411,18948.138331520717
7427635514955681067,734.7573023848058
7388293919039048991,726.0737410475117
7426181853121383722,1821.3780320931482
7421392218679774506,476.31770491712507
7410985484731665710,1202.7085373350021
7423608542239804702,872.8025270827437
7398339831627091243,309.70475549188615
7427294163944721707,526.008242813681
7411295476340886826,1672.4035175025
7404240406524775711,9524.60830050918
7429495389381791019,2312.5963742001854
7433941383028804894,1583.381689454118
7388302551424273695,202.2493813869832
7397213980906802462,493.2123745208069
7426925064852950314,892.5500117174363
7387628532383452458,196.44119199928593
7409060904953859374,2524.138505239749
7401642893900893445,300.9963015845523
7385340393581448494,737.2438543465935
7426872690381737247,983.3179754268212
7398712566375075115,2418.6190770854323
7398007148438883627,1400.0398432879306
7426929611105193262,1701.0804578716698
7389395496760036650,5368.078945175724
7428030705935994154,1707.6984284189525
7409116690690198814,7396.179863608378
7427247033351720238,613.2328414781624
7416891123186126110,278.7251553649725
7421360713245101358,1181.6911475794805
7400575083112172831,1537.7078523415157
7395742464155487534,23945.72979021503
7422075915041131822,2365.7807431208003
7402473512465698078,1757.5555622578652
7413527230707420447,762.7235759950605
7407630574699040043,791.7152376067521
7418407464669908245,2169.2593836328383
7398349927606127915,572.3457077133232
7393879715712421163,1507.259183805729
7415365949727067423,32135.650054186695
7403932720469904671,1018.2105312384778
7384290945795132702,4806.77537359551
7424661727138155807,1722.2797213847434
7415441162653207850,564.9305971873146
7408375049180286250,2446.206053356539
7397586988041358638,1785.5278471249096
7386445772125998379,2298.9152957188553
7424270636438113567,830.6121803691524
7402393875828051231,24521.211853682937
7434334299891027243,3280.9855560318597
7415816225286049055,517.2056214832073
7411661711326973226,1911.337030764886
7422051463226002730,744.0091737748273
7417322506526281002,358.7485101112068
7395777305232035115,257.84271471156256
7407235816231079211,643.3752133095187
7385700400219032878,1474.6208010986106
7414667383672999210,1231.8113407368787
7425107228211809579,3374.4654242964084
7386847268080454955,1547.468443699327
7391290658176175403,744.1302220959966
7397987724830969134,1136.9686029266854
7423623992394779935,587.1988640243677
7385745527989603630,9063.777139119466
7423217345629392158,203.82115865067087
7400524197547592990,502.5258821182899
7424282716209810734,779.5846617023714
7416154005153271082,446.93321764239374
7398335505793813803,3478.7369806647644
7386435551223631135,205.4487755909991
7385374732767759662,44759.912164965455
7389826284668505390,7156.311802216103
7411752599377988895,820.4922066179087
7396134872953195819,611.3282685592756
7412055821032541486,3537.4744435522257
7413896742053170463,6718.231223657331
7387198951574916398,3453.9067911504844
7388701496424107295,295.1595923463835
7388296821514423598,569.0184819124917
7434736587876912415,8723.269163854575
7433607368463617326,2114.2714161597123
7410549670939741482,6828.384933024846
7425054744852417838,8673.44767519395
7384620730752814378,1807.97578871494
7416869876393872682,1650.32268780904
7398766701501877547,1371.7401991007268
7429541108167773482,263.7337526957576
7390156670422371614,442.99146840722403
7419485885177007406,590.6821187590931
7385372761553751338,1961.973609085546
7385758657138543914,30928.08583491467
7396915871408606494,1384.046440188248
7384205914791841054,926.5680515489016
7386438802920705310,552.5524914634102
7427989116983233835,1935.5433935842268
7426570865447587118,876.9289310322599
7395326241865420078,4334.110375044962
7423911282526489861,1064.229024374508
7395018022962318638,1122.7718129057246
7398342470494457118,2949.74162330967
7433596551739575582,973.65799455117
7384193851700956447,7912.901854496328
7410947420382563627,1110.2668356138722
7387193752521035039,610.2199018149107
7400952784071298347,1643.732553773648
7394614531265154346,2463.350846703303
7434736299304553758,440.3385202476703
7402392058461310239,609.6619412637311
7393934196844039466,17351.713802060152
7387608580414803243,1661.6614914678948
7391333019010829599,1122.5913741456625
7387257706450619678,431.3657791598291
7388359966370893087,1372.2052050414595
7384993289147059487,1514.0745106466002
7421404759460023595,723.015136294679
7426524693139803438,399.9434753390032
7400569448421264670,5752.599014213772
7421691490625178922,2040.6563073287598
7421326589612346654,333.30795716906766
7415019093507558698,7076.703236847201
7401330867563531563,1702.4661184011077
7394988969085177130,2218.699269458051
7418041399553166622,2683.464960044339
7420210658639203627,1147.487457535838
7432838520198270239,775.7389905469867
7433619569496837407,18667.699534287305
7435496840549764383,870.7372722988687
7384261918338469163,849.0439771798488
7423923595925114158,496.0969706595932
7428010528275959071,789.8040634004254
7413163917121211694,3835.258065322449
7404306277976788267,2147.147229841454
7384568214904196398,240.66258851736006
7400931668975996206,2418.320246763112
7415035847717915950,441.32730468946005
7413935453918727455,240.26238555830054
7391290115735227691,8092.051874566985
7384600223508663583,9609.389023406598
7391339380658523438,5953.02783341051
7403132688502131999,827.3538567953077
7418710881573309739,705.888590439718
7389083608171957550,639.8202937750054
7420581229101206827,2101.7151112071774
7399788370420862251,2909.402721814283
7388726083849571630,780.4884023187212
7385685044993608991,130.86003545168322
7402418576382102827,9315.622879549399
7400589294718536990,405.8394588794615
7386843181629033774,716.3697003045631
7401295239098469675,185.49067302190826
7397243510618852639,193.65633990283027
7423919094379973930,1226.8764463219175
7413153773347966239,281.4121001840286
7391620637254520106,296.9080221799925
7403548894824516907,1145.2835944154442
7409487330949467423,3768.143119716562
7411312786732797230,1349.7333132438807
7405430892191157546,1263.9304041320524
7386099410272488750,2221.141048538863
7413143559324437791,2780.751911824198
7413925155686124843,9375.482885338293
7416917118949657886,476.1275584094124
7403181042359717163,524.5262817164687
7429459156748307758,1463.2629090586588
7426873679767850286,6734.153645320626
7425766248954252587,235.45131478115997
7404999414785363231,8751.636883975636
7393100378729925931,1023.6940216745651
7391248175408958763,394.58957102803964
7406098033580051755,798.2921919035632
7407948888268623147,2632.648651274924
7418348844762598698,2480.504728302647
7425059684563897646,2038.7391997887858
7392399378205560110,8429.966381936028
7412116772750511406,572.3588748744918
7413584649181531422,400.03268017705034
7434719154583702827,2176.0354145754577
7384668972089740552,171.5204224048827
7403546718022765870,808.6974168391862
7414266674393746719,1041.4000737871265
7411292592937372974,1506.065735720192
7424318469522459950,1069.0357023958152
7394316887674375466,1766.8303322851893
7426889469862759710,1794.0206507508885
7407995827823594782,805.4698804998934
7433291010924629294,1164.0935889172918
7395755756827512107,687.4872165196361
7426938990869171498,2147.7691981404014
7407961383704284459,1682.3363384402119
7415762833620667690,848.1476887779445
7415765026927037727,1640.4816740893966
7390884805698686239,372.96754500548917
7389035149775654175,299.6024562450302
7415801296726330667,2791.059697721401
7405422873508203818,3816.6028532785126
7388743114581773614,1025.5997197849542
7404245465140645162,358.3174827188618
7388283704508042539,3486.3722057213995
7390181099835591966,465.6521715927734
7422891211985259807,825.6904232973385
7433252033542589739,1462.7469686736633
7387181363352341791,1445.8520482372694
7406549649789603102,1140.0521019880543
7433976974416153898,1201.642830349877
7400563587405597995,2555.630434316569
7390534465770097950,3536.158711028987
7412067333780426026,4965.157592695676
7433635785645051179,1528.4892293969133
7402382030673055022,2084.973637432115
7429095146538536234,3092.2982621780534
7384603756479941930,1019.1245127410674
7415058600189545771,1504.7194685100449
7399800966586912030,1978.3372632001556
7418339401505213738,3718.3525572773824
7427670441776516395,2693.448914528294
7415838639428554026,1151.7683262449655
7415094777110154538,2362.958705352317
7414688650421701919,1317.8254613945974
7416119166949723423,698.7204415184083
7425776657769729310,2975.7910229966583
7403547370861923614,3318.408016605508
7403165429197278494,518.0332164552688
7397964768516115742,2604.110326705259
7402033494806777131,246.74110226066455
7384663720175242542,1395.1000165053492
7425019239548865822,889.8135944026801
7394316065599180062,227.04051152835981
7399413726488628510,617.6619834820799
7403584029187984671,1897.8244743770586
7390905975344991531,244.56981543072231
7392402919578012959,673.4522154748988
7405814428379270442,4994.747239243377
7428367426028342571,1658.9966601513304
7398316817531325726,708.274049433061
7427648909754862891,869.2479544333962
7415081871450656031,21977.577420864112
7384277925463510318,2688.4995190184572
7408751367034047790,718.2087606424037
7432869346449362219,3193.8506963454365
7403497795463777578,206.3033715767181
7392764616062962990,490.7736323819601
7400556163554692382,560.0533966854449
7402789043211128107,1275.0850082725256
7395337594881477931,298.39724065183196
7395420708467232031,289.8474590477494
7403593622861516078,387.4150056842328
7393946839004794155,617.802172130378
7414311119189462318,17081.56558409869
7387196035103214878,1163.5956278567503
7428793083506052382,1373.7037547217956
7419150148187589919,558.7380798394595
7417273060002123050,4698.830944891737
7385743995181321515,617.102345235511
7397223426856979754,438.89839183759176
7422079637863320862,1168.059300536491
7413917731592097070,1245.6640367456678
7426531577808801070,345.4503431008459
7427274662163533102,1090.3045219224164
7392066331648068894,375.6023444493101
7402383238905302314,2216.965679152532
7427276776709098794,3293.797451562446
7398712029931932970,849.9540546122059
7399448619532733702,2380.485563776303
7433233099690986783,1638.3805680940882
7402797592943283498,628.4997217099248
7406505388834622766,951.1211375553341
7396821962171059502,844.2866651902668
7402043768297278750,170.31295840161624
7384194754822655278,309.6147211457089
7386432036367650054,2308.873436704928
7426514326036548906,1407.867252549357
7415079821300075819,703.6657298116518
7408699443857411358,264.9474627384325
7398686249046871338,1181.4700077708553
7398372832620612894,1318.5768786654066
7403915084398873898,257.1576523749868
7433988853066714411,576.9328379520505
7384970458115902762,3253.3353237563647
7410185562734300446,681.0745046806385
7423200412074806533,507.609438089659
7412404598570339614,4440.079707687796
7401298171319667999,892.850582068448
7390185779521146142,11744.79486477552
7408686969724669214,1267.089634306463
7425023634210688298,606.9993829954042
7391642926847167775,2472.4406468133784
7420246646199471402,8044.458917595209
7429101009680551198,1972.1889711626577
7384200334689848622,383.1063483699844
7403871159160245535,7120.120890704639
7402826894904790302,98.7635634960208
7410591861070662958,4288.562841266212
7427284374707637534,133.74819737862114
7393187470420004127,569.84747682399
7414659951009844511,3186.2554180141615
7405357237851409706,1592.2329956041858
7413539903545281822,1555.0085075103816
7386892633957879083,1327.7750709313427
7413896132264201515,3278.6097752697015
7414707552899845418,1511.704930028401
7395786015950081322,719.5671476630384
7394262789302373675,2091.559145429158
7402806057942142250,4355.694095923261
7400960437375831304,868.563338195271
7426930983737363743,2426.8166968295163
7420278984786611474,316.3076787123511
7405761825146473758,802.8668265600585
7400895229508750635,310.37017323358464
7415086687988043051,367.20716247368773
7391688475646397726,565.3792993380767
7411698892447829279,1818.8308817297307
7406532633108303146,260.88374168369
7423973132949720366,1633.3934445830466
7393108657082322206,9428.556701952166
7386852423345720607,1655.5386471927434
7396884785802530091,195.93208237191584
7385369497231822123,1188.6001229135668
7391256241835609387,268.95410445139754
7409512035186265387,1410.3865721043371
7411354476956683551,940.9345606880514
7386147782194728222,1017.7450296496988
7396904852934413614,903.2213980785106
7405055879369837870,585.3144808089154
7386072032674434346,1830.7155126494067
7426872257114279211,2029.9243739745564
7409144043441098014,439.9127394082152
7409129417882029355,2131.269300149351
7398297302575664427,7138.51795433333
7403896836743875870,238.24185608656626
7407986364484046110,7157.934960584002
7391694498314702123,880.4433184585307
7398304513272073503,1285.3923658174717
7425770443891641606,875.0692180581602
7402067709434940702,79.72339575528406
7387987928510680362,1247.9370251645853
7421008504464346398,462.45399871780376
7389417793797541150,2305.4772171965487
7399831042762411310,353.59812588391213
7426158329686281515,1157.1307231938213
7408728957299756331,895.5259646902326
7405411562145697070,4804.720616619468
7407576457066892590,1384.8472033139954
7418749866572008735,691.8975044062486
7429517796658253087,1985.964645947987
7416865995186326814,996.5852813423218
7397287435429793055,2614.705835602215
7400176270518127902,725.254479035855
7391719892745145646,680.4072157083027
7399487779408825642,534.6238665676942
7404638377221311775,1343.5237776084616
7404673995636755742,596.4111366050404
7412042402925415711,330.9401386051309
7386340025107008814,1682.4535436714984
7399508584830111007,1576.197504434807
7387565233822289183,16980.290945277615
7435438213931470123,3478.963261446877
7428767985587948846,4587.750633172745
7434026754534034719,199.380266365847
7417599188210355487,1481.468306852064
7401341884716649771,1311.9394944028963
7427983606254996782,1450.9637955898374
7393528234501098782,752.9110544897949
7420948790644854047,6852.093984843185
7410172864680365358,671.055454910629
7407299792600157483,6731.26836887668
7405034913700924714,1218.818792672526
7390196710544346411,4637.457234822802
7412413064764575006,2753.0841905203333
7407973184127143214,26000.649796827063
7424339078251957534,1274.4936228867996
7419078726287117610,1375.0880051758575
7435424238183484714,804.4231471196047
7423964646085774622,864.8530690976158
7386071478946598187,731.6767469146479
7414638235063766315,7215.069735065248
7392752650019736863,2309.9375000582586
7416852482606845230,467.5373432376448
7418377541980802335,350.09290933332016
7402069243094748458,1199.9551733229232
7424332453789093151,3156.8170805444834
7425789599714200862,1266.6299799762364
7423977966297763114,2424.9410981564424
7407637730286374186,8834.397534820046
7419884825940741422,262.40508281231297
7419161558858681643,792.5264632700305
7395052777371749675,511.4107927904911
7387561824616549674,1301.2415367344665
7427249138246389022,4422.454109876355
7433275244103650591,172.21309936930984
7395400285625011498,303.0825011009698
7388647355962395950,441.373259345101
7389048708509224235,1422.0917112152947
7419094436115713323,465.41919426639487
7400201718429977887,735.1142117613656
7403172804226534686,574.5019185943423
7418411105027935518,962.1222488040937
7404623838052404511,584.8597361152204
7428766746280070443,734.4218006275528
7398371682122992927,295.9395195232669
7386156294199102766,1294.1540210320347
7410545982456204586,913.1815126746027
7395042428178189599,312.0265442317218
7407636530405149998,2658.3675578230395
7393554802929634590,3949.3641711390037
7402836468508691758,830.7507951730917
7423209128522403118,2419.1626861760515
7407944258210155822,597.1906917252675
7414622083524644139,3200.1654085853506
7408763701089602859,289.9589019496506
7402433598378282283,1126.565011764493
7398725174759099690,2067.2475156889204
7428405535503846686,748.9040550547119
7394638516870860074,1422.320567140558
7403932221133999406,739.7983816528318
7392766761562623263,2094.6905982878125
7399476787375246638,489.5222436828176
7400157756591705375,2988.977418532763
7417972542960373023,14929.097756224259
7393197780631686430,225.76475097060288
7415007678226779435,11497.252910626208
7395706313612774686,984.0477879376165
7389770130772856110,1455.8671044723887
7434689659889798431,3802.9344327911067
7384594973729082667,3008.205943575314
7398019184682077482,164.54066055539076
7427346558317890847,1597.495509945457
7412057785577278766,1451.1729903994674
7415072173150178581,947.0116027992349
7435503385794792750,827.2466419920379
7427260861208595754,178.2228575606522
7398392248276159786,1172.0335982589986
7396068689914776863,789.5533596461605
7423212755127242026,259.1605360295917
7407958823509544223,924.4015189788463
7423584028424523054,1807.5399979976605
7419877268786531630,1427.4904298915642
7433258881050086699,194.14333897626466
7425101285864639787,2606.1681976225245
7389845960521682222,1765.84337854922
7395779709537144094,3388.3135082778376
7401295511401057566,20799.052520360667
7402796367900462366,12120.29726009254
7417635846272060714,722.637997982365
7419169332707626286,921.6110979478619
7392010165735656734,3224.101694006388
7426895289664933162,458.97098898759316
7415763144888323359,178.42321999976187
7423228738034208031,330.1153167196435
7404542212375186718,2160.205619544379
7400985493376224542,440.4549865786507
7385734096418377003,2743.8788603149146
7417278662589877534,1154.508828287645
7411331112120667435,1487.7350433082956
7411310928219655470,4649.093648803686
7395715368548863263,5980.438055903784
7434258973521382698,611.3082866755511
7426189046134721823,1615.7646347847415
7429141874134371614,514.086548730051
7423623194440994094,10422.857205307206
7390936545399754014,710.7073803076455
7429133387513744670,1206.072149741396
7389764419716435246,1461.7827309166657
7397193956620111135,946.8240867808058
7411367691170368814,800.9670136076276
7395762477054692650,4169.215548885034
7425016437615398190,674.692658000203
7394615855352663327,1186.957269458851
7413939005420588319,312.5374049249221
7393880922094882054,401.19600775078686
7416159412441681183,1886.5496854064882
7395017550293241118,1210.8276702548274
7399798770608688414,595.0097962522336
7433982765441371423,2162.049429236559
7406134647102508318,1250.1567296640083
7400214362595806510,2695.448282068526
7399073352524156206,715.8541064771968
7419159620918283550,890.5364606990788
7423215929808440607,6141.421896222222
7409483880828374303,943.584671335891
7385713307610647851,4301.039065132882
7428400999632571654,6446.247852027026
7402732222337535278,3126.982955730722
7424689634841496863,3036.1017131798094
7393554921670364446,247.59680301592167
7434745441176128810,3659.515632898977
7400566079170366762,5260.8067136152295
7407948989523447071,3197.7112562438174
7397584349526265131,615.4665422655783
7391660927092903211,4074.960419090076
7410594067387583775,727.5850344924718
7417318444028316974,936.8632334162824
7398323764569672991,445.88401690075636
7398010996746472747,1356.6340946988305
7395335401566752030,517.5833612458564
7434780991522098475,511.2012045677525
7391988699791117599,1565.794872050499
7385003689162984746,296.564022418321
7425786259534122271,699.3631319424311
7395010211704196398,1007.7091195843119
7400531895689219374,1203.454643380737
7390133310950837535,845.0947902631541
7423200157258255647,1235.2919616084835
7386829702486428959,3229.4113003351404
7427309474060258603,1085.5619240975457
7426903547570113835,663.4558907224788
7405036189226454315,15609.650958483566
7427629577557511470,3888.5079217620755
7409159408741043487,651.4637145420836
7413568124810743070,371.3782861472293
7434384517453925663,1335.9290029191109
7392018102835350814,2084.5557578960397
7407957461065387294,1190.7474024699509
7387252499184471339,1713.0095007813632
7408358508850105631,21600.519267542535
7403519563616357674,283.9154328030926
7424651011396242734,738.813904709189
7435104195801304362,883.2078389960852
7386884018794515742,1155.4699920678977
7402832351308385566,273.23288016103635
7426575357807054122,738.2797687182007
7424684597960576287,431.2276919239974
7435140435565219102,436.25582296243357
7388009686970289454,299.4143535952416
7407991992879287595,514.2626614358405
7387586660210330911,465.8516698096042
7426897349458349343,1038.131361397733
7396894240430624046,597.3885416156671
7425066746295356714,3186.276579860116
7390235003977878815,2343.62881192451
7408400883169398046,610.2922863240855
7394595649129286955,1944.5034970654553
7413575469129321771,704.8565782524432
7421306885984357675,254.91761667307296
7424680199968607534,1758.2900789180903
7400938561375178014,407.48932534791845
7425037123956264234,4347.998493137459
7397590936567418154,935.5678829571046
7409459404308860203,1573.0663763089012
7408739302554799403,734.135112508998
7412481644839374111,920.8629549464804
7384214115461451050,895.1577530529169
7396099421940763950,2757.397902256225
7402025198498729259,1744.8141884938934
7393137181398748459,249.25430375103753
7405754346601811230,1087.729214474441
7416183903733435691,885.8056169447884
7392002998127398186,1241.0972787165028
7433631684786097454,713.3885824980669
7414321050424593707,2189.9066720362757
7410924769157074222,635.4749966299607
7424694193810951467,6221.685750910383
7401360693565410590,167.3783151939835
7413891790165626118,1737.1880384607757
7408355235397209386,1328.4420136073218
7385690797318065454,178.9162862148085
7416869229963595039,612.0414821578615
7403195763871714603,5471.655334355377
7389485289271545130,593.0237794869856
7401310296612097323,332.43874866141505
7384254157101829418,2302.834612485368
7391275954716347691,1802.8390555023657
7414252129126337838,1778.9212928196912
7428354375799622955,1533.23237294948
7403595606112898347,5117.300025377435
7416944729582996767,1172.7795323882017
7407618875442957599,322.5229756867555
7394635807388126507,1001.2106151211105
7396907049675738399,158.01906580869692
7396087098694094126,1657.1650727638698
7410172550564613407,1164.5415591760304
7426544227024145710,2082.6390424161223
7427717955279916318,607.7157827020785
7385342068312247583,1451.6082713892629
7426076055473032478,1694.1309937480946
7419490755015806254,1368.1769602639456
7417254770290855199,2113.472347900734
7420574225687334190,17350.534872460124
7423616242650467614,1061.829662884012
7421363279575960874,2060.999337452071
7420646745647959327,600.2384096541036
7434000156929887518,734.2443227335405
7429570583446211870,303.2903756619454
7423551981282741547,1404.0748174455734
7384255424867962155,1126.5981808834408
7411701646943587614,155.7966198745948
7389081832677051678,611.6989921984198
7416932844955700526,5213.524247028994
7408768039568690474,1079.8419257886665
7384970726140382506,1678.4237801158347
7429156075091299614,195.7202407046954
7395797378990640427,1958.3255522786858
7415405679579565354,21541.677374737992
7414282015484284202,1221.9494403038443
7427251367112166662,2034.228789628214
7400567792795176222,1526.7783973244577
7408009000114998570,12056.253503842574
7424734316481072426,897.0066214077591
7403197342783999262,235.1216378299946
7417612316205845806,373.79508453571884
7425076036582378782,564.6406662653974
7408372699841498398,2728.9913164829745
7400949495770385710,3308.9413784604926
7389803937492143390,1415.8554340668727
7409060728629366047,337.7018273446264
7420995984936815918,2174.307737749945
7384295081311866158,23993.55140857646
7434709448045825326,1593.6467929817
7392396362500934942,40193.96843703016
7407612246962228526,6352.728821324161
7418804365797887278,905.5031417855411
7387200823564029230,2779.326726375529
7428367716370730271,759.9029669610327
7395741836356242730,2250.6910736401924
7418340545518505246,179.9477587338074
7427981206282636586,1088.6225700258858
7407637457912499486,466.26136748560384
7424670439080840494,489.00288198666334
7401334079918050591,1227.8783166885785
7429536580676685099,2491.6209072598876
7392371291090636062,634.4209822823457
7421692631220030725,786.2916951838563
7423953349927537962,3387.51496074281
7393150552718265631,1240.1241875543333
7398299297852263710,984.2439306113753
7395001656234085674,889.435524376077
7387249093472537886,1459.4818334371253
7399128588861066539,566.3219947721889
7435472501876018478,996.3129812877079
7412457068524768542,8465.292291260062
7400563482573147423,4542.8635140951765
7402808688899034398,906.1217018448394
7402442088526171434,1557.9480193860804
7427308766904732959,2745.250158834789
7398684979024203039,27392.666522650798
7410598088995261727,2781.875979528234
7393876235501243690,2034.1409675212524
7412079482787384618,823.3120884877193
7432841836290493727,991.5403483523698
7387612252540521771,18008.98892722333
7389392999714704682,1944.8787445824728
7429152585501658411,3402.787422841857
7395371056594226478,625.7966113480919
7410636281065098538,633.853575275776
7425109824616221998,2735.5619476105007
7386426669113920814,1960.7071312467024
7385337536526388526,234.82407915301337
7398365656757996846,1491.243730171711
7384983868035779886,290.632340867128
7414266147165572394,399.7316876220293
7397221859458321710,729.5958586062698
7406460804234743086,8251.027756084106
7387237746206706949,314.6783353486542
7397216448277564718,216.4980067435385
7410179663953268011,1521.9291484259293
7402448859412139295,1993.5816224000541
7401361586880924959,111630.56071564349
7393148983025208581,1850.2274467228476
7385376360107117855,113.25710476836406
7384648452493397279,2669.6083369478783
7386053398098873643,1955.5721143080855
7411327654412111150,352.4451237346492
7433288733526330654,1378.57871130806
7401255591278071070,769.0691272031227
7393143789914869038,2371.8212648616673
7424370585196629291,2661.142648492047
7426579036014513439,469.1266371017282
7387606907848150318,1322.359094537343
7402759889312943403,1261.6113004011493
7392373937658727710,1648.3206739187656
7389020061857500458,1513.323835318374
7418797517803982110,898.8572688531548
7410203478796291374,3025.186069209345
7415425241108794667,1211.660622143161
7398366678242970926,398.0636046819903
7392032641324780830,1023.0169381267693
7429159424272387358,2033.418742324056
7419152031266409771,1083.2091353297408
7433946067495931178,656.9165869259912
7412411877864557866,1115.4930143425786
7385038492939586858,1113.1301113273862
7409104220915289386,3191.58261023313
7420562602700344607,508.844361731755
7423530832683355422,456.6703354793474
7394651349557808414,535.3814048507838
7434715867931299115,4163.979260975131
7412478285415812382,357.2526321519837
7392401794195901738,255.6840574765994
7398746473405402414,4590.509787667726
7404300684742446367,149534.06198330622
7396499365931601194,342.28776690965583
7400196719088061726,1027.6547016601512
7394681457588866334,670.3657761866806
7415769462600682794,7962.424624963173
7391295259889732906,953.7496799315143
7420200764590607658,1557.2148093582855
7384985850108448043,1256.8194157734922
7384207980855676190,756.1086517997105
7429542051718499627,435.45702031779706
7409132620862508334,242.07035154670913
7415401524500712735,2022.1234816108974
7405818686969269546,717.4513454096705
7395372140524064030,1113.3452977978714
7394979796519898410,1049.473516092799
7397941507581480238,10202.907666767973
7422066833299197214,426.8873062258663
7398753064569605418,4080.275514291207
7397939795504188715,1165.3038623443858
7398351928146595118,896.1077435625632
7407290288718482734,781.8791453051001
7390524116190743838,2129.4603963814347
7403129543650856238,988.5874956121914
7414319447080684846,1140.2893088783958
7408716338664901930,5413.874551131813
7385315576853318955,395.18783156276237
7409814843366165791,1090.4898185016052
7389485467005111594,370.5123524542197
7432836348903542047,695.2886249896906
7386137461795081503,155.99058497707625
7398684386293484842,338.14615579340875
7409496905832484142,460.33539392302845
7432907582852910379,772.5274793388656
7397630220963990815,403.3945540871749
7387911558216666399,477.4623658378188
7399417049161780523,304.8241580881898
7389030009916149023,1129.9675208949702
7424286252578426142,2160.7313188616486
7393563741142535470,917.4303974200434
7386488145539304735,1682.4978475421303
7417605161083751710,2605.2621541303715
7406458872015113503,8281.039117305047
7426163151063797038,3222.2166753525767
7402435390482828586,655.2782444165449
7400915236896689438,467.91526481112896
7395709242164006190,1053.9922505502664
7414300392240024874,1876.7069690365242
7409885912836033838,470.8931831896335
7413947582830906655,8131.466236308169
7415739563118791942,574.7012962128578
7434318749081275694,593.0322929105635
7410939360125734187,1741.9916636848639
7395800346339085598,4940.007834743206
7415377435409255726,2942.622480618239
7416135098128502047,2406.3525795380187
7433960547630206254,1247.1969977706635
7414292458302901547,639.701273959944
7403891474292608287,3619.689251291678
7410916850516659487,301.41421444983615
7417670552573299998,2463.937968380093
7407219448794352926,289.05830251284476
7433297588129991979,4782.910346144585
7389453711795555630,411.2190196413762
7407274708145573163,1174.2156883700795
7387945890117471519,1937.7703630731596
7421722953328512287,969.8247448422807
7408700213558267182,1678.1609638821506
7410544054657699114,1609.049331176972
7384583686013930782,907.1908189537168
7420574272852118814,6395.534047074678
7419152311089368350,1083.8921376268654
7396870263993847082,4391.125167914573
7415755397585325342,865.8902894858062
7405768533516225838,359.65019023005084
7414622344456441118,502.75249833752696
7427702933392805162,7325.786903060825
7402839693538118942,1863.3737468791646
7407987543263776043,1159.616927252958
7408775878869634334,589.5722749823085
7420960829341797674,925.0719274150838
7410917569588186398,2553.028001179886
7396497899489725742,137.6914929781783
7425031556370320686,2010.5443757758337
7389030032934522155,1202.2046056040017
7417253265513024814,983.3805815698006
7415470057154727210,7213.351334207756
7388311963350076714,3229.146727394494
7396863890283367711,1430.9437719899095
7434305824920538398,9296.016112348561
7395359145559444778,515.620659783796
7428734440232275242,597.9902981741485
7389067314479566126,1684.0289384987034
7434730963977997599,1638.4538828209202
7420979730733698346,2271.255870296515
7425801126647303467,588.9469175392255
7425393280113839402,2144.617582253931
7426908634862456106,544.3035218069225
7417616047852801311,705.2876765500589
7420230263805840682,445.61022826794306
7406127195392871711,2068.1383790533923
7424706159703051551,208.1254352965667
7416128843750100266,5853.004950562637
7400588359292439850,149.03546306212414
7413882204670971167,2264.6476369731768
7395391251836669215,926.2383595584913
7394268585582955806,711.6600301403753
7427265483088334110,463.30675881122033
7405765043331157294,4489.710617100765
7428728679666158891,560.2863922160101
7389829902406634783,1205.285473540739
7419839212461247790,524.1636378792405
7385341239933095211,1259.752181485017
7400574206754180395,6481.1723818417595
7421674272143215914,1908.7228813689235
7422811001722146094,4741.238071435755
7425757257230454046,8999.06561002322
7427278849244728606,473.99476846053386
7428808902357060906,1569.7700570668298
7386121917708668202,1970.2489973529864
7406465980001570079,515.4784448129176
7392056436051905838,890.3926465287266
7434698260997999915,15500.436965943896
7423956553448934699,1928.8468024148465
7428405223095389470,304.27191170512214
7398676446803250462,1213.3427981194109
7391252514529627434,6725.585709973961
7429468832852462890,2188.79730529591
7396822873274420523,426.1279310602422
7420965313279266079,494.3178660049215
7421347699372625198,1170.2984972666154
7411335562130427167,1327.4802461872837
7428018540478860575,6006.963962346881
7435130474999319851,2886.8740882609227
7427336213415087390,1598.8227658790643
7402851386217483551,2080.460698055002
7408329444689055018,919.6155530692412
7386847467217734955,949.3068383946523
7384602777055530282,290.5031463154813
7392747961484135722,688.908680427066
7392428909888802091,6603.2184659942095
7428797611034840350,1650.7638035593736
7384605735444974894,1162.3177784607142
7391290074211585311,3482.560520161815
7429551149583322399,235.40571343730835
7404255747460287790,692.5905923701573
7402080498278829355,963.3067539787157
7428779902763142431,5817.630270627045
7398376230635982111,368.7180812590342
7388337502211394859,197.98096411341322
7421340076178722094,188.79056557049842
7416897441384959238,915.0004446007476
7387182317346786603,34071.87982211954
7408336827205045550,1458.9091374657028
7391644627956288799,583.0518994050826
7409814683273760005,510.78922139970274
7426917387854744878,569.5575627479834
7391993043043274014,6454.707494666386
7434728082168237354,4035.5372669639237
7418348745076591902,1476.5118139707267
7386825888098192683,1938.7574840283376
7393526243968306475,724.1317708507875
7407265486137740574,2665.0133974920554
7389841761805290795,531.3994726604573
7394249755460717855,1900.5087668604278
7402816468989070635,1147.5269841521367
7389770616355786014,7758.183183914429
7424372763902659886,1009.7087319287995
7411288796735507743,209.6323056256128
7398756968753548574,455.2649491065121
7429498298479725867,595.507550708914
7404677486904151339,513.549778245257
7405045738822012190,905.891771974571
7401639420228652318,3386.0477793967975
7417650545340468522,929.8023651305348
7401681569758334238,5505.6497756378185
7409138070705933611,1536.3377220423786
7399436874286255390,635.3171664557758
7423561838996000043,2902.912395572156
7386814380043734315,2909.212773706242
7396510285898583338,1468.5507309593634
7403878050678721838,1399.7678083302358
7400225585290677550,460.5330674391828
7402442183602621738,2864.146111082856
7434762311144951082,2025.9876801979296
7387999244050910494,636.0413609016219
7423908049795943722,650.7088198194922
7402754818994949419,15126.622942167629
7419091863946448174,5354.1896030593
7384985368178724126,358.5553569607181
7410559672412851486,356.3553981006406
7408372822059355422,1649.5111255214533
7420584983598845230,193.01308753687502
7396910332003798318,354.134848642817
7418403216406154538,982.311487941174
7419140350138223918,439.06802663505596
7391665087376903467,571.1179453114762
7427662274518682923,6529.765512462167
7429474546979327278,2449.0701647313017
7429539173587111210,2526.208003933658
7432835979687365918,4298.222999133327
7395793115182910763,3591.7613665572367
7409510773040434474,1298.3733409204037
7418717565821668651,939.3423822930804
7397249950272326943,601.4658230025605
7399830589378940203,190.7443627501093
7414683843069791530,198.1828605542561
7394239061621214506,459.311168307618
7434681546159836459,1774.7892665870954
7414297074470014238,2119.3775981400063
7390553609244560671,1032.0470089623861
7385014043808992555,2144.493839637815
7390937029753933102,431.878945758882
7418397130810854686,291.86885735316935
7432816875987406111,3315.216129654413
7420999655779044650,1110.6354686600841
7389428304433990942,807.4527736802884
7428194108067286302,3091.0346532706194
7390194767612611886,5125.926387998715
7429468680485915946,765.8170479260816
7433609608888978731,2059.582780403998
7428044485189274923,623.5264901412716
7428429779160059182,5576.918374687304
7422118274571455790,4745.903288885401
7390137050684525855,1260.5251501916305
7423913443142454558,2388.469761561035
7398742033713630494,742.0560605806829
7420624362908159262,433.4656087373531
7428782328048143622,12698.230241631565
7397259985119448362,670.3401719204833
7407229531389545771,9628.91887169523
7386458169687526686,349.6182118816967
7386464885141474602,518.3292106559084
7411705531431210271,2875.2481281616856
7386100539181780232,670.576761803997
7399827056843918634,514.0982414345895
7392023380188302597,5053.923523371971
7415471425735216414,1028.2806955757544
7396823917228281096,201.30363336676996
7433618484812287278,649.4469179818627
7391263417140514078,1186.3020771319211
7393190663510117674,5918.40340945972
7423162483109678382,33732.485238457724
7404291837151792427,1553.8084450025724
7405352570924862762,1145.3557255990142
7400546876103314734,988.5627866994304
7408006268687748395,520.6752828799146
7393893128291306794,2508.2311065253807
7403168206988447018,1565.6402349412044
7421714493182381342,10951.229517394902
7397225019920682282,932.584456163519
7389448777570061611,1817.0457225725197
7420942027476503839,1716.6114282005392
7386839905298648366,1023.8574420630437
7433605551935868190,663.23486716392
7400919607210429738,601.1453726481366
7425435365881695518,977.9844832183122
7407621205487881515,4627.6150370304795
7402807582106127658,1085.6055990719776
7399840110730054955,1999.4810097461857
7401695108434808106,3279.123433442034
7423552603142917418,1356.3769285923486
7395750994967039262,1616.4954685486575
7419546838476377374,582.3167170368039
7416172877474499870,56148.98781819568
7402082619459898667,207.28117148828534
7392374113031048478,594.9750641902423
7399792116072729899,783.0372111765039
7389101369275338027,3516.0340665996146
7407294057321336094,998.5879575804154
7413175678960520491,2995.6828921823544
7394212359612419374,615.7253461416071
7419469518411468078,1166.695002787231
7428029094501027115,4765.300646123782
7406521865541405998,1763.91435739402
7387183818148515115,641.4389085341672
7418002057451392299,646.6386248840471
7392804766725721386,268.026771627609
7416106744494984478,174.2520127167277
7387548747284155690,453.67518564882755
7419086108245495082,903.4411575195302
7432830055698468127,1511.7201065622107
7387981649809591598,1348.1834785970432
7405347682639826222,221.2536565674256
7393916221155970334,146.60080329554745
7401638883546631470,477.07479318835897
7435074149669719327,1357.417887288123
7414251343621164319,3193.987407500366
7405018870278507822,8803.248753509391
7395756837359979822,1250.1810181421235
7399467825015950622,5658.510114252802
7423919155662834986,680.3874843170144
7407603746093419819,9494.784981646086
7401357571082259743,1405.2112573205943
7396174710377221422,8843.856546149362
7425397606479629610,4481.65089949279
7386065167064403246,432.9879025792479
7433614121737719082,3208.079369262257
7392092395963206954,1517.191381747804
7413939204876455199,379.45963416331494
7390172957185756447,6022.258440761576
7425109501809904926,245.48957533757104
7387625911538945322,7765.751470445665
7386069192019021098,13212.983489034867
7393174723808464171,859.789908170921
7387241370051693867,665.9515547467277
7387219313289121067,306.556842818737
7429160527449820462,1974.8474337850564
7411352047469088031,248.77926153474755
7428382973721988395,18724.87756282249
7405388498468998430,511.27550527490007
7405047752037797166,3442.4458641581723
7423195345099705643,8686.034706509632
7396488939114106154,1512.5582331381258
7400192588877286687,384.60151673679127
7407607111678512430,823.2400905920658
7402011081440267550,278.53632985489617
7391251622774541610,7218.486218506257
7391992834976484639,1275.5645849602047
7419076315476659487,1402.8755163383148
7390503949897420075,2093.840567665576
7395732410870123807,2442.926428122607
7405767487108812063,22715.162989064687
7400187499794025774,469.9789230858994
7415458037046988074,1436.3717151477003
7416142382212713759,771.8863815817353
7410991347089378590,282.64890195830867
7403912506504187179,4600.785903964
7421679207815728427,1611.7748038166933
7424351218144709934,603.1858915507496
7406155646153837855,392.41808970749133
7409890085744807210,262.7582837784899
7384212997520067886,307.4717454012325
7397616819151916331,2191.9107299884777
7389429678404029727,133.0943660218699
7405736830219406622,2099.4769102635432
7384236102875368735,123073.5046372325
7387980765243493662,351.5741950407689
7403519853862178079,6208.911371335935
7408351356525808942,3303.2111765488667
7398720186737626399,209.77346037277897
7403161508672245022,857.9749249466463
7403893469695020319,3426.427731754977
7423597566115335454,752.0941851478008
7402053073448832286,1316.2019521081484
7421360776801209642,280.416715896673
7395712557010537759,172.39166666520146
7392749625045781790,1930.120978626419
7394650615156084010,14780.361781538342
7410541370093423902,3350.825878390746
7404267979208248594,1266.9849730323313
7401338559204019486,754.9178446173994
7405361793234865454,5508.733210181292
7392370042941213998,1061.63575597845
7406493407687970094,299.62053071779894
7392386818269809963,1810.076813454557
7393842368019057951,1511.2469006306242
7402456718308838687,936.8320612742644
7388668694462729502,1082.5233054566968
7409073007114620202,1411.9878450726671
7385771740271545643,255.79716766020832
7394270243926854942,961.2245379461317
7407670520440720682,809.9289634761958
7419132592773172526,530.0523263577946
7400627640303914282,4514.743550670666
7409499405562219818,700.4102359345294
7384595929703140654,227.4280803874674
7423179350792588587,7385.3631737534415
7407236185472371999,962.7160803626524
7418378717161852203,2007.3700103192314
7417230570536701215,567.1248618216424
7385027543277096234,1621.62285492798
7413194687755980063,314.834376426592
7396825963792813354,718.2155149064322
7427653238553562414,894.2365570165563
7412412542288481567,8021.7761227941655
7420196927607672110,544.7255178568505
7401666816814189854,1982.3972748698038
7414294214424415519,496.08479648409326
7385337594139331886,435.610689116017
7394264918192606494,535.3327194677162
7400609116051344682,376.23938563670714
7429468842172108075,9824.353145582012
7426555900174863659,591.2204436664034
7426918014580198699,11664.416316907726
7387586687729175851,288.09922978679117
7411349388640931118,1297.8854561914313
7389778456608886059,71453.73807986068
7416879740419624235,3426.184180642925
7386467156592053535,569.9096474348702
7384938675731205407,2402.813844497456
7397929197076745514,355.202180581238
7392030268380417326,1056.5671519822508
7401325462154267950,1331.8795131351403
7397190876868463903,547.1942886356451
7403207943971261742,766.7904801647107
7391307523669642527,288.21112160472813
7420633251494055214,456.3899274735585
7403120169280752926,357.2747194726062
7387945474340195614,364.32595523478903
7425786913950371102,1416.5889676975678
7387169456646081823,899.5624572152202
7418042125029231877,1132.0614094553835
7401288948091260191,405.4896085266459
7403167299861105962,691.625257052403
7402455325699296542,1574.388762301625
7407959001876466975,1763.0791002431263
7384612032558976299,2475.086355139857
7398666988853169451,6861.010558879303
7390155880957791519,250.42567319859523
7418370168985816363,5401.250441048972
7434718716899659051,1264.933129533958
7428392239870627103,2711.5456516514355
7405819019913202975,2066.461853546855
7417290527718018334,719.576824548483
7410183888389311790,511.27290104876494
7384658576314240299,315.57434071978645
7407128827744374058,6004.892534708179
7434682860147150126,1122.3164884401072
7418755946899344683,1999.6761825497747
7396847579956350238,25117.22874660789
7405746618860915998,52458.561359259846
7428790374765825285,591.6432290420371
7393585323265035550,736.8868472110562
7384217445483023658,585.3028135673551
7410953111407381806,1526.918196740858
7434336136325008670,1264.4392853969666
7433960739297119518,492.30229921043775
7389800171820879134,610.6736706149471
7411294143453908267,1896.4218455899497
7404625387713580331,1220.864230897219
7384564522704473375,153.3947058093636
7391676969928150302,1338.6576809305625
7413571690506046766,5607.285638246578
7404980054305819910,4037.933409165361
7410921495486156074,2509.917266012672
7408330551997828382,4679.328596390475
7393859627189980462,3628.1797344992583
7401260231151439134,10404.266445730804
7399410911917755678,1648.54429266244
7429194506567945518,480.82003958280285
7423545343700159786,360.7970797524974
7385759536860204331,1904.946937235792
7421332066609958187,1034.611029295681
7409827060790676767,1230.4033474738003
7392768510042049823,413.55855928874325
7393877888157764907,1597.0859322143822
7423601326522649886,258.72499450069074
7412094504733281579,2891.5652901335266
7397634921117994286,750.7297900437775
7408346008079387950,932.6337418662903
7399099730459888926,252.66103626063978
7428402455668411690,944.8609083736352
7412482936546528543,1800.3076442767551
7432806064627961134,636.8959300847418
7414279868591951147,1555.8700396933407
7414357488562113835,1326.6217876195951
7392379092047236394,3789.399353071023
7424328725845626154,5278.101546116734
7402030212642393374,738.4226463398959
7413149414702861598,504.6833293488232
7394939279719533870,5977.9264029054675
7429495331806530846,333.9022045123048
7384208099479063854,239.6709835926659
7396906624683740458,490.4429032168865
7390130728203291947,5367.064035847379
7398325834991373573,4599.868795713872
7393533099671407915,824.1111602128194
7418783068321877291,849.832211102356
7416151610063113515,1275.1643694913425
7417974793569340702,734.8429545116406
7426145740222762270,1303.5562323148602
7387913861229284650,1901.0045189168493
7422862437629578526,338.9907842216561
7425056551435570463,322.7400902542749
7402463776294964522,277.14321495970734
7389465990268079390,4833.078672447586
7398011413949680926,7683.291170068535
7387940894655204650,316.9921313810108
7429151801078828331,1975.4753292703363
7425049888284478763,1523.359045163908
7397610200854695199,72.78298069894227
7409477636675620127,705.6045627517076
7419906264303553834,2028.7709842147422
7400916924227538219,1129.7902410197694
7409812314498829614,995.5281994798139
7418371126126054698,214.11191569828995
7387904107031366958,1200.8453828043516
7413615471401979179,3637.6482336397307
7417675546617810219,389.86377973565504
7405412220718370091,541.7652218449673
7423552599485336875,2250.3474017981903
7392380111326154015,295.772270862598
7429181376232017195,1936.52427331072
7404639944607665451,551.8737392202714
7386481141475298602,272.86525478735365
7405740363828301098,1506.440513051362
7397980329518075178,349.4128535769931
7411321845099646239,307.58715934187575
7407647335175458079,1864.4036745756312
7426204568502996267,577.8539926081295
7427673339801390367,3463.686258703354
7407964198166187295,1280.7761144065475
7417640663916891435,4658.905346777605
7421334231349054762,768.3879242229939
7394643458809482526,2538.1816603341163
7393155109699603758,204.42047671116683
7389055343579483422,974.1667757765708
7385376428725947678,231.84810918716826
7404624283852361003,417.58024585846584
7393888991365303582,1244.7174829679223
7432844466836311339,2194.085627284888
7395021216920161579,14795.623127336352
7417654823195184430,1899.677094547774
7387604921912167723,1842.0213745219087
7416878016946588974,3169.085320919141
7399051885220482347,701.6899422034303
7432904961949814062,963.2018149848742
7392062738950049070,6180.979133513867
7397608932140698922,154.45489996330537
7426951407426653471,9404.796137446934
7414643627948838174,103698.94848068422
7413529952567561503,7270.378193657006
7407659871333666090,222.68270668247436
7403547364838886699,303.2082078580114
7387568270217399583,3737.5153425168573
7402038213172333866,248.16601939451692
7435495550570777886,696.5391958415446
7384226138840780074,1543.1332478529994
7426156184987503915,951.7143313787292
7403888715833036078,2482.0089437805223
7412481194941615390,1363.5639805139526
7425767818714434847,423.2032926348666
7429176531848645931,472.2760089834405
7405750778125765931,1647.4573714297378
7418423349757513006,1025.8839432111076
7394956769426083118,311.34676464824366
7388275824815852843,237.5946225723353
7413929238719434015,686.6956923546438
7389395546789694763,395.34357447939584
7426148763854621998,1182.8451102239812
7387623253986037022,203.44126898671385
7412445729928596767,291.2213962021785
7386794274102185259,289.69192967223364
7428060179461115141,1680.287641260012
7396096330948513030,429.3059602193448
7397988938532621610,6420.097572975477
7426127560964050206,970.7499634613189
7392406370055687470,25749.75649207248
7433963610726075691,399.3001111261752
7385759988091735339,804.1881655826825
7407960793028873514,1014.4673827535761
7429470210681212191,1128.467366408491
7424347815742180654,1982.8837533938529
7394978393663507755,354.3257870699099
7399451856621063466,2328.201428824026
7413177451888643358,1910.285829614525
7420983408433712426,1244.9871854934122
7421311901050703150,965.3302880337362
7395369348954688811,805.1862030002014
7385310508477451563,1761.6957729437236
7411752500006554922,644.9327197268078
7418019661444304170,2384.864756120248
7420214805220429102,595.3110758927146
7408035654761860394,1160.9212541698926
7421699671292202283,742.3006347218202
7434381736315784490,86665.43813088661
7434393335806102827,1555.937436940234
7412501079780461870,1446.4383334822587
7434741237187415326,26137.66590592343
7415009288768277790,309.15871174935455
7409887785135426859,391.90320546970634
7413951037972696351,499.5101689009316
7386467978436545823,509.71526538392226
7406188213590560031,1339.687080119857
7391330803961040159,1848.476182868845
7422102363718143275,348.96752673836227
7434699757190204703,915.1643301799214
7390522133274709290,400.5607425262014
7412450576073592094,358.162374224686
7384993660284226862,1351.4661664564753
7408346024743390506,706.8073660189572
7393104856418012462,438.26329998254823
7390607212562877738,908.1046417536095
7429527771795213611,5086.089755002152
7429115416200514862,2456.6609084656197
7397989780933446954,14629.339181673065
7390168145002007851,22077.426917891356
7403489412010577198,1102.4449307565212
7420202525292285214,268.64156066290656
7407662104221617438,303.5739150302833
7405018691387034911,533.0914488192045
7403138903194045739,2106.402696097939
7411339138198326559,1102.2708245270667
7423536406099692843,1106.7872963251054
7400583379785108778,1113.076320004887
7391659601374104863,145.66197359325452
7394231880704347422,965.8726746285179
7417973902871104798,701.5260950485375
7433603152902950175,1751.5965363087048
7393476186833276190,3363.3073955649556
7415040349732637983,511.49129476652035
7407953814550056222,449.6605088775533
7404259169257147679,759.6602911933335
7417996688855469354,5176.014879583496
7423217575309348139,1907.9075768680725
7423597346644069663,10178.218018680831
7389412793562189099,7185.488977623957
7427301817861688606,1466.7685830677092
7400625372892548394,594.1425563528755
7391692231582698782,1596.0734970119202
7419112522751495466,543.994073806429
7403548514522778910,928.197305848579
7396912869155130667,458.57547462120044
7435472789781499167,783.447931109099
7416181436585184543,3275.2454472318177
7426887257421958446,1656.2527128691934
7423186010734906655,1227.507242566134
7405803983958199598,2240.112399777654
7411721527541927198,591.1823527627305
7418021041810738463,1143.7484375977576
7398682276789374238,2377.2350939039848
7421682680078601515,1084.6505367955315
7387578272801934623,1952.8270148616562
7415840585912716575,1247.938522098478
7429540497309306142,1707.4013451373503
7418711218753375519,284.68391517371043
7406144232680983838,13361.4607297088
7395757891275197727,602.6604425332597
7384650381000707370,640.5117975177411
7412502563435613482,1022.3938155625705
7429180400351710507,4414.153006755114
7400537034437201194,940.2017587695894
7386834799316471082,777.5837309327578
7397991323946487070,602.1210430989931
7415744662327119147,1279.327972833631
7405448271184842030,1922.5230172761662
7412467578381045022,540.275919121992
7384207738194152735,3265.934892128622
7417625659117210911,1273.1561151125425
7420652608177671467,295.28398876275486
7394304270792740138,643.9374927503284
7413597389694520607,317.4093286250846
7435145254824709406,1457.4748475650372
7385021925359193375,512.4936051105965
7406105632471928107,790.3827783973018
7405019733315177771,2408.9272548346416
7397248928216878379,4860.906068944729
7411289704735214879,207.12994009071664
7424687664772746539,5700.405766419605
7416912243868126506,781.5118642951533
7434328854686223659,1302.4121642371174
7412430385163930910,2569.6400732595484
7433245977491852587,1632.8887447756906
7409133913538333994,3229.7029063600485
7402796873834155307,1404.1484147116266
7427626452796837163,1385.8135014010022
7419873333925121323,875.2174273405848
7422855985095576874,896.1030223265673
7412485597073329450,956.281504151266
7400910404077112619,436.6189442039623
7425461564997750047,909.1070133393822
7395392344788421919,1193.6010905146345
7416195706639224106,1306.1637826760855
7396465420112235807,1096.2878772625384
7391676062066904350,3075.9052977554975
7420956502799715615,1941.9793347289356
7384965723157908782,653.4628247427344
7388736058030279982,1267.776931173896
7398764903433063726,2715.0757340326963
7399069544125369631,5408.090099673024
7405726670944079134,3185.1046290573668
7413570592240291118,721.0043571425235
7401646933829258526,21775.111388879155
7402068083394809119,1110.6682566964307
7424326432622382379,962.7352732406293
7385345708569693486,4859.602698251389
7422109219245100331,966.3640911391692
7425447425608781099,842.2674656275683
7396165030577786154,887.767104509192
7404661490793434410,892.671279250681
7397625282879851819,365.0416153127274
7385706382315539754,2020.8269767865877
7428387669748600106,2801.5601399442585
7388007929259035947,653.118261178304
7425761745060334890,239.96184441227982
7402753264329968939,1239.4062400756284
7429131696487910686,650.5248640115881
7421724216124296491,327.84761719828106
7389437300385516842,792.5320149880458
7418731282881973547,1220.793410747161
7394993627501514014,1108.6144463179155
7398759681117752619,183.42434053175728
7420565279639407915,3886.8174126310037
7418333689840422187,671.8881579968793
7423571586197802283,1955.2026207936083
7390900486276140319,95.33100391396235
7429483207554239787,2791.8158892729716
7416914910610754858,861.2371725541159
7397200214332804395,796.1695163645675
7426543075331214634,5104.731992103208
7386073290495986990,537.5442007124233
7433271089498934574,795.2958139158327
7395727968158387499,1102.414730353724
7397628773505469738,868.5709146683558
7415421255286852907,1420.468619586576
7385688108202773803,422.91957901475774
7392429503244422430,7292.350382220128
7400203776860245290,353.3958043722549
7398309651311234347,3788.537791804001
7400573500932623658,2841.8706897895645
7415089683820072222,493.4939891438314
7418763502552354094,360.1462184423018
7421678934355365163,1010.1171834368773
7397961414456921387,869.2620970589134
7405768514759380255,1759.3785527805276
7384194290215292190,284.6643810586194
7384220441553931550,1072.0460027395688
7413563173460053278,544.5822623742243
7419105249551453470,1193.600530966953
7390147128095460654,5072.108470592609
7412042082845494571,1830.7186885632539
7390526890731130155,583.8452392622969
7424291475522997546,579.8112408653767
7386844372823805214,670.1596121858361
7429479633801809182,842.1177552601207
7397238220934630702,12349.383378837407
7414299450413174046,1185.2719483869087
7392380158306503982,407.846929422059
7409449566048668970,655.768893504367
7393521891736177951,1240.2590428583262
7387204635402226990,717.6593762305175
7419496887725706526,995.8081549432453
7387191587433958699,2986.690853876752
7422055129139907871,888.7274149891286
7407958733927501099,2315.2503744033147
7391684393229733150,572.7457163822453
7423578095937932586,625.9185228518859
7394287950034423082,401.92806240276013
7387977806220725546,955.8384300415346
7415018583157230879,13805.590827377031
7412436688116567342,653.1652960142104
7399492643299822890,1958.0513661702412
7422072346523028779,542.0937546915361
7414662367805492522,3587.0385101757656
7397651127405251882,452.06171989642013
7421720822710324526,1113.209601720255
7385661030044552478,3976.48790015957
7387210998807153962,482.721693848434
7429137248978832686,43759.43232425111
7385378949473340702,783.1375936108849
7407946642332126495,242.81516928821173
7429474647705537823,668.0495889815056
7419087482718899498,649.823262260315
7405755305310571806,204.7288791979439
7417962811327778079,1804.2592591196487
7386805681329917214,9451.721325080294
7385326811380550954,1344.719417249847
7424662171113573674,1137.4887002029416
7419114045502000414,371.2712925417682
7407615061453311275,1690.2730394843954
7410173970349133087,506.1972708173384
7400605288950254891,1126.2423988489872
7417599532331978015,572.0356026116102
7426887338879454494,880.5802635979734
7405422473107295534,370.8189229587703
7417994164467420422,578.587523612324
7394611768279960874,9326.013683627316
7411718440349650222,1078.0275676108415
7413978540145691934,640.4291377536401
7400587994861767982,917.6194286536969
7401672503220948270,888.4750780548895
7428801242513607979,1276.7733522225276
7424695519026449695,2933.6550782401
7406185415310380319,1245.0663213863072
7413180232292666666,3366.0191181844884
7392737828322512158,197.40464321446018
7416150036423167263,3797.1291714497925
7421759909626252587,532.4315772171775
7428405699882880299,725.9114357729038
7426580353407683886,3707.745308798082
7396131712410930475,940.1081986814131
7409880060510883103,237.29472615431627
7402437259645209902,3156.449629344898
7410276316173421867,238.0189240156509
7386479017668431146,226.15141991588467
7417286565950459166,1404.985306252545
7390959568236416286,554.0868439720963
7418426073605573931,2011.062486412089
7400920403461377310,882.8625545802616
7394683396213017899,454.8929172527262
7426509589551631646,5139.988208172594
7413941764811181342,4376.411389241903
7423187689568095518,736.3772401859519
7386836797763898655,1367.7529150097737
7414639136956501291,3854.4752660709887
7410586725015194922,2568.698980757071
7412486808686087466,204.5494235262074
7421356689506733358,2507.3670808961383
7428413327778319659,1806.8301570856406
7410594353971809567,1631.1800124590573
7416206642078895390,1159.914493929891
7423619917053807902,559.6237360264969
7418811331714813204,1781.5799451314133
7412500704549440799,786.5351580564417
7421716009301675294,1192.8118554028356
7402760736520375583,1973.8035618553406
7387940079987117343,10803.088521980982
7390547712262933791,58290.22019334945
7414336594489986335,980.6973522630755
7384583807111826718,5346.637647676994
7421700147978964267,1540.6394914814982
7391631415458286894,1631.4394093662013
7414302742098791722,1707.3575994321081
7427240513650183467,5405.118019496527
7418726047237082411,551.7968740548563
7409871202946272543,328.0938981988125
7426880047652326686,406.00937365776105
7387607338376498478,1236.2374984452647
7385335423687527711,2215.79975088422
7417989238072905002,3518.3601233426343
7419090879832411422,504.727612335878
7424340079755283755,862.4422101253381
7399434335159323935,701.3574308098991
7393876121831443754,458.82324656732266
7406092056805903658,616.9629581248104
7398300188072299807,1732.1167325708464
7411737910036286750,243.85223943132922
7405813426917838122,2504.4703589325522
7398693904343682347,264.2196028808916
7396480340593937710,860.0627494170866
7384938782707125550,179.72082331838322
7422136488223051054,1314.8643813530489
7427304593211526431,248.1953583162334
7399049776521547051,936.0814343118681
7404977466608995615,8354.036436742304
7415369533105425694,381.2800845913291
7408692638674717982,2598.569135271497
7406527774657187103,1741.5672067825253
7412075497997356319,1001.1336075641934
7409153646144883999,182.89886843530263
7419102043446578478,1617.375415274435
7406162407258688799,353.96021574814677
7386437133772344618,830.6443621950408
7410550382549568811,338.5609565025868
7401285975407824174,3069.385743311591
7389409876788677919,138.916093403183
7405018196538887454,713.1115467092178
7419834179300609326,579.6522570699016
7420237283502198058,737.5804777717744
7408414454246870315,2767.710022128686
7428786851328068906,4720.748978721979
7416132061720825134,809.142012495237
7425463726431784238,1642.0730707413443
7422136445646687530,5679.552803965559
7422108065907903787,1039.5333945402865
7404637204921765151,641.811942548498
7413532885845675295,528.7291251436541
7426882962580491566,629.7773669323302
7433631845595532574,1602.9217827195516
7424690126892158251,562.0921424135311
7394653231030242606,363.4370240370413
7423572891662306603,6120.562353915671
7428398860076125482,5712.810390696387
7387934921131576618,1000.101273797803
7405797687850716447,1148.9489363950001
7429194802463280427,1114.542833887949
7415079556630990122,1903.445648904841
7421769778483711274,791.8206719333278
7394267340382276895,1711.8252402412143
7428741169024208159,1065.279846296935
7401318232746921247,405.7357628488409
7414713135371816238,980.2364959649859
7423255738849709358,3255.3652137561107
7413557456401468714,2313.426549528393
7433973547501997342,326.96207071473674
7418407322931809579,310.55149119062577
7400153918958767406,3398.893258869431
7397232878892928299,825.1906737923819
7387962408058227999,2786.9153449956257
7412097031897992491,3093.295073606706
7386826547283381534,403.2126520262481
7391270982087920926,243.43495372418067
7411346602905980191,531.5538270019923
7427257243063602474,4587.243757220507
7389081273282743594,2015.5124853547713
7416874334221847851,2969.231649043955
7404630520371350814,710.9884138978293
7426928790410087726,3832.8690514507007
7426130132433128735,3102.7313012083473
7400200705757285662,2407.0458400337156
7391694418182704430,4336.956768687693
7426498211457551659,969.7679756930199
7391270074402802987,1657.9815822329515
7386126427684621614,4294.438139655226
7420244972831722798,1076.5176881165116
7423939978398305579,942.1599915339538
7395371145811234094,1053.1623192210545
7408717840070511893,4726.632823880094
7405360647837355295,2893.041830035523
7428452743657934111,2033.413875872564
7392048635258719518,718.6239172430221
7403175481480154410,151.73979605872236
7391295277342182687,193.94751203455718
7404999752087063838,555.4560005886556
7415795083406085419,2673.424312950456
7434718322786143531,2351.7730515508692
7411731455103094059,725.4684425187132
7390526842165284138,882.8947232756343
7389791569789963563,208.49450737154112
7395763173988535598,2407.608849131892
7395014968787193131,599.3446605718627
7415376817533603114,5885.530157697403
7393871366346378538,319.93302556896987
7405345256314604842,671.3745390951016
7392013294631931166,2742.7401575183194
7392765150622715167,1206.635185472491
7406494219919002911,978.4917200022156
7407958796313709854,13891.925078140019
7405005328649030942,1913.5019731380742
7396486794285452586,506.0179729614044
7392071545776098603,1150.272182728742
7414326939764149547,866.8431657394513
7411660552721796358,1569.8380982466833
7415074771622251807,16043.678444880987
7385375072032279851,789.9443430865574
7432890646857305386,7331.164228450737
7394214920243399978,1191.7285023016539
7435102753518554410,1121.7738561614547
7417277363672730911,737.2403851250501
7389045875340774702,565.7918819014673
7399445331496258846,420.85931728852427
7392789232990866718,27483.183458063806
7423566852946677022,511.93694686971634
7406127670599126314,935.5532159088043
7409445276374584607,584.6517346447786
7409070939159186731,2678.4287211741894
7426571622296997163,398.1849875352455
7402761048425516319,1345.0966999611744
7405388216347479338,908.3273255214484
7400939914210151710,922.5833415633879
7434731068416363822,1728.6448037199636
7409063076420439338,3206.734848142253
7414292036938927390,588.9180048919583
7397591399752846623,1208.4117431116665
7415802972942142750,649.0011875963638
7427697244360527110,10241.270729993537
7419851640221502763,1390.9274737738153
7390524849149725998,284.62357369869244
7433637669248175402,718.1972376380511
7386122183858228511,612.135374249742
7429484852426067242,1042.3139173667225
7398341588105186602,658.6862061898071
7402475447348399403,19192.55109457607
7408787838575185183,1566.4153021886445
7415033265473506606,781.2696818778513
7417686481138896171,5734.819693947756
7415735891953519915,371.7688636771579
7429156435293998367,333.4408024905105
7426959391649320235,292.1347905099437
7429504690691312939,4890.9017387362255
7406521533587262763,1249.5531748577482
7415451125588954398,383.02534251146375
7400183156349111598,945.7353902482129
7393927459772615967,547.3709570995712
7427280797314338091,613.9070293680419
7398344376931454239,176096.744991833
7424330914492108074,376.5658362793604
7402417419257482527,4325.896933285648
7403520217629904170,5328.243084746338
7391697441206062367,612.0926948499016
7394269507893710123,2198.43872654713
7410572452264250655,234.14816276720734
7416877283882929451,20015.644326465073
7424678877689236779,1566.6566882039615
7417637732002090286,1138.6836110285192
7385763054316981550,14049.913429007798
7401707036314062122,386.00728162880876
7385393224363298079,1313.8821544258028
7402032588438670622,9842.068699428804
7419459162779733279,2151.277385532207
7388367973787979051,1726.333248378966
7415076410324225323,804.0136182467114
7395349771193453854,10693.844898941723
7402769289738079519,4135.354061699637
7392012158646701354,2851.9606949079753
7427313660143471903,201.26199057917754
7415057200667823403,2555.0672095111418
7388656616301759775,378.1598126445007
7390189514901228831,841.1949138123312
7418006847904288031,250.67931792826997
7415783597669387566,2076.821874574059
7408411349820263710,902.8361064285591
7390929553293659435,364.0196824806945
7400560899569765678,3016.9255816575965
7409521936637775147,715.6310507805466
7390560179575737630,284.4700114000322
7387907239320751390,866.3768369781129
7413896378117655839,1305.3059936895306
7390150870555528478,5760.122563595192
7389060738293288234,816.0760284345072
7389853919880514847,761.5977224507843
7397608625608396062,609.1940310698128
7386450995456347423,1130.2982777513218
7384569017698192670,16409.264060769612
7387994361423809838,2156.572352086207
7428008341751778603,10145.11502367491
7391676165418716458,471.2588370212631
7408007459274558762,1624.1933470628367
7409872782395280682,162.4587653090601
7411328342760246558,5102.046260446046
7413953795765357854,4441.100384895248
7384205838946159902,1346.9378870373384
7408777903455997226,730.270499285662
7423590217640135979,9951.59409711313
7411313010469375263,2263.738800333388
7409817456098725166,1689.4922539747909
7421027348503416095,517.6093858388452
7402031780259187999,515.1727953223112
7413231410368007454,571.8120674645875
7418796798543760671,597.693894837848
7428400373469121835,570.1360502634152
7393534257869655326,1226.9328965913398
7384646781092564254,1019.1177039608338
7392043535823818015,331.990317753405
7412501848449486111,610.4230650585031
7397202894119914794,475.64853023354004
7398375738509921566,1528.8999538879375
7413191358166338859,1078.9791065483544
7389410299939523883,2075.3873078489187
7405405618565025054,8213.679039468405
7395380884729466158,1654.5148887822168
7422804191980293422,1522.108988056657
7422055727092665646,1248.3497615459628
7418059234195148075,3248.44383946297
7392439337444445470,307.14381869936574
7426201928159202602,1824.218178096865
7384615726096665899,434.23396266703327
7402386216152321322,372.15084519862444
7426145850578963743,2924.253746607307
7425060092753595691,881.7662925470872
7401667201138265387,2134.810937425361
7424373934230965547,596.1137000105796
7401352705811156255,173.01676071522465
7410928844015815967,13848.001309776317
7418811668890733867,328.65982763781744
7390907657181236511,3452.5155013697913
7415824544738315566,1413.1780178330175
7417652512456527150,667.2692924457685
7384200797862579498,1005.6105474199657
7384651538918051103,1399.7206162092464
7406147347962400042,393.521445623629
7408407440187870494,1163.8757860830092
7389405534195174686,5470.166977840123
7433242045277293866,769.059562900048
7414639409133292842,723.8755077608853
7428457010745658655,1079.5616673468526
7425861120734399790,470.1593937195573
7422827734713503022,892.6402568655699
7384991324551875883,8512.357512572513
7418021990528797995,437.83789374134324
7422848513547062558,793.4704554744582
7395013590920580395,422.5379007499588
7421005258362572075,1386.9940728067309
7395345176157310239,5689.772520641049
7411293980782103851,1261.8604207851067
7409899772582104351,316.54672818546857
7411355950931643678,4518.965837696333
7384210748752366891,1689.775404129637
7413199182321716522,963.1584308097251
7404661122374077727,9823.429675162244
7390548344591961374,944.9900985102073
7388002989950242091,2956.2911900728136
7423168319676484895,1099.6714345634887
7389834446398098718,3334.1941906355114
7421387240770768159,1450.211233047749
7411701659039960350,249.47683153252532
7429479586175700270,1106.7427489066054
7428354965422296350,541.6854957869834
7426165053751135534,544.5334826682753
7396449474270334238,3301.1708641633086
7400590618671500575,201.10919010726136
7413226082117127467,2472.148686759647
7410916635885735199,282.79606395866824
7385700771943271710,1386.8032728521282
7391674164958055711,454.6395729657687
7434332219042204959,1052.6620802443213
7393174771845909803,1345.4994012979607
7394665196377165086,3028.157736232655
7426176712678853931,3295.2722983464937
7384612071989595434,305.45519411323886
7387917671133711647,181.28973492558322
7392410545397321002,854.3514743663832
7388734732189617451,13267.573254903495
7409097772030348574,1209.2856927739608
7402770216675036458,13300.348472806978
7393484559339244843,410.66015428376653
7419844485183507758,4549.490857551539
7410234961267166510,2118.1992774233377
7415052449582615854,1891.9230796302757
7426193187389082910,1098.445338400072
7391275170121452830,52.530040274631645
7419080611928771883,2132.3839363685315
7412103961454628142,589.0823821618225
7421302050690026782,2668.7909181251107
7385391242013723934,2134.895755313973
7395704637589916959,54.488136236313984
7423612668637990186,1543.5834511412077
7390583732639501611,4612.212018404474
7402818629135240491,1279.7669477378377
7429521137488416030,798.4487391640558
7400974734609108270,900.0685267788356
7403155002837044526,583.3679560502769
7417670279205309738,1138.2443327075566
7403923427356183850,1305.8468454550148
7391678878466592031,1221.860452595674
7435056809792048426,6786.812752302794
7407261347248950558,844.1050942646614
7394214775208693023,472.86058460532405
7405796677854055723,370.4003756655145
7397225642485353774,417.1251151385441
7404236881422060830,1376.7558133228326
7420199931266485550,1789.4410995327166
7398769156398632223,177.52680473751582
7410972324746317099,300.6174171726398
7409063994306186542,7394.173431069312
7392774738935909662,333.610897895437
7409133026657029406,1235.9905016285697
7386072526209715498,3369.301353950481
7413515903180098858,611.7474192271183
7416936636124040479,3987.2765003400823
7420240066334706974,428.1221453703452
7399828911334362410,1344.1727764231007
7393855729213377838,21170.886444343796
7428414259564039430,1991.0122809892289
7409429508723363079,785.6717934739731
7412435650852556074,52861.38088621499
7417967022186794282,1253.0434084489805
7412076007529762079,2013.34202980206
7399882537646034219,1474.821667792984
7410945072314813738,843.8349066407343
7384978786787314974,3837.320563057531
7427278921097596206,3703.082737947082
7410571683066596638,2605.7561444066278
7426158394865732894,898.0769244458583
7423565138298653998,2567.863792041761
7414307187301829918,18951.034358644993
7415640308932791595,1819.9575193417288
7420625907574000926,598.6460049346555
7428774062236699947,351.06725389878955
7429172082665098527,395.67127120044006
7406112967122554155,556.3045140178332
7399829452454153515,626.9607694814445
7403945581816581422,1375.6190674849888
7419110357190348074,868.6564874671067
7425100582362500398,745.6375171618246
7386115528089292075,1581.5740763660735
7414328394302655787,607.2339249915316
7407952814707707167,799.1013681696633
7403215592431406366,1038.2244431172144
7395728179446418734,1546.112776241517
7416128369642753310,922.438936808385
7384649381527522602,1665.3838518090092
7405386953018936606,1137.7179175936747
7427246029818383658,931.3592193405907
7432895600074509611,9120.088756572286
7406127541037157662,1816.0980413157022
7389110637177097515,16515.065309264843
7434406819713355050,379.9590207538793
7393526113064045854,491.4389061292341
7384588991645011246,739.3316240371039
7393477524841450783,6812.815274819123
7428431341378669866,302.58379753992386
7409854443404987691,767.9967497092711
7408009812694388010,181.56481259696972
7408723859802836254,15093.480439398807
7402757397040745759,1116.2547791102645
7411708779101834538,2361.154219383046
7385711270911020319,1783.3683275679316
7407211210476768554,6334.105649580271
7421357977300487467,1265.2521070109822
7417251342273531179,308.5742129722373
7389486969291558175,437.50058827931434
7387225453666258219,5124.074699309012
7434737756632304938,1633.167742923102
7422863792670854420,2083.8004344533756
7393877716673809710,1349.1247153818745
7410935561197767978,1112.9823316620184
7389429298513431854,2605.422990855771
7386847224535338271,132.36425100976803
7434319962510003486,1183.3852680383395
7435093289830763818,1815.512169868821
7434725332504038699,1489.251348007053
7426190413448416558,845.6732248572773
7410591371179920671,890.7178628972713
7395797165081120018,894.0615007893185
7397858276051848479,5778.926022938425
7389085358765428010,4403.382206294159
7426508186829589791,1585.8466592747918
7386808668253211947,379.0336487833291
7429550850130955551,533.9261286518915
7408689199785774379,241.82246380725206
7410208537277697322,656.1447503717924
7426581966616661290,586.0779254479122
7433233843039128874,3265.185856567593
7411004769935969579,263.2899220010683
7407953193964981546,515.9393199651709
7405004465163521322,706.5296957146476
7422820823485943083,1596.5857568922584
7410615485181611295,1092.5726679448057
7390549844642811157,985.880900378665
7405384879820606763,2267.0694250166207
7424276988698938666,1382.1572833742443
7395742778300321054,172697.41310639694
7423221084461239595,593.9795124478285
7402756942117997867,279.45683824267934
7424290086474452270,808.3168396679496
7396106112946277674,276.18506407543856
7414293025767132458,1092.2669706987724
7387172298576481567,3876.112460460649
7395377364697484575,1248.3233058562794
7432808465459957034,2051.643289628002
7427261049834900778,4967.365794389127
7399427337529429278,1434.3078299704534
7435080724702760238,13265.479739882267
7408696909260541214,189.97153450376516
7412047249485679902,735.2988614475321
7426572787097046314,262.6663407567301
7414652786136157471,1889.3035291759834
7384658635915283754,252.80594170695394
7416886351141932331,434.53173319235975
7415422246107237662,713.2723596641132
7400901739760700715,860.6841862355906
7409896220417740063,16987.77031031715
7425401813840481566,297.27546043060556
7390885698569522462,293.29899280158975
7407213087398432042,1282.621810258315
7428803584482970911,1365.4902166751294
7392037595783367967,342.7061789357786
7422831079054232863,357.81985294407366
7423946528668028202,3512.6285678514737
7435145331588730155,3083.790879743786
7393884164115696927,408.67552986002136
7404665414262721834,642.8224576427524
7402047185044458795,1090.1353808129043
7434325592121642271,770.0158254532171
7393126972857044267,2041.9915768746473
7412104607666572574,7644.459197329799
7407672624114896170,843.1612006389223
7408952916758809899,845.9096876191768
7409841014501903646,202.24954778079496
7405814088690945326,2805.5698951177337
7420629384215661854,449.51798158984434
7401216473135385886,2056.0289786275057
7428744023260581162,1228.1665915325018
7386074694400691502,677.3638110493921
7387551562073115946,916.3519507646748
7393887504690171179,532.9753853893106
7392423264657919278,1826.027358845892
7429536359775259946,966.3824701052679
7413163210586492202,466.29481589100095
7418427343095647534,502.9633379407789
7427239519386193195,1428.0498488796234
7410540471920938283,1364.7074014346333
7394240374769749291,1431.485773054697
7435433515371580702,297.0379614628673
7397199518267165983,298.65506551323165
7391656205074189599,282.1628679242324
7425463730592320811,677.5174890607777
7424679155326815518,15506.531793349739
7390941776648965407,719.3614152118203
7384975315463884075,1938.7185128945375
7425404345899814174,672.2076329105435
7401367601827319071,1141.3688420685312
7424271137091243307,208.26016679737054
7427336346739674414,1264.8492157015025
7402451370042789151,1013.7492741895519
7419083184610020638,798.1598156499342
7412050237235236139,5412.9458177756405
7405366255747632414,16031.679340879868
7397236729285053738,1971.6353713530052
7389401052308606238,374.1080370013036
7423587347909872938,675.3250176685328
7405005366590803243,2316.0232752925476
7428021862732516650,2361.7021655876715
7434684474476039454,1066.6440944376434
7427674700920196398,2151.0335957837174
7427677617534307626,360.5184522091446
7414703870137584942,1233.528327137583
7413968568519363871,1271.7173523427869
7420597085763947806,753.164559276061
7391707854668942622,1320.3714914612233
7387953457883335967,1753.4150532513584
7393111566373244202,1294.0533829649303
7432862608870657326,1264.2948605199983
7398746412248272171,2340.5339735865464
7401269939644009758,1130.395846732125
7421325640093289759,2132.5078513840735
7419884434129849646,236.4931267461078
7407986510944914730,838.3075067945585
7391662152756579627,2452.182645619946
7409440263162072363,1437.6137111448586
7392400438450081054,125.88558043027659
7412433549002902827,8296.440151392595
7392010362306006314,6059.304659472793
7428760018683546922,467.35413333554544
7424299548216118574,607.9375744272796
7403879404184538411,898.3270530354205
7392366393653464350,1097.140604560394
7414285673793948971,1726.0672222318558
7428403503611039022,12621.666720182091
7403179709447703854,839.8010771426202
7395702380962057502,293.3120470888797
7399047017093270826,503.10010593439483
7432830428601404702,687.3320870252007
7420197994655403294,1181.4294690576967
7418363876762209566,1069.9122707131348
7418023249105210655,1195.2889966179418
7414728859125337375,1965.9564568569313
7415452173561171246,2040.2531745222295
7415366432365579550,1988.9895593505744
7410939575067020586,1204.7193177015663
7423567943436373278,709.5395447938362
7409100079493090590,1082.734406391114
7400186775148285226,1163.2261779647674
7405422242064043306,818.6395866421199
7390187715951611167,15635.928577927038
7388288757750877482,32030.084455757704
7389094506659941674,978.1718546783936
7394256712141737247,371.95080734567114
7385005337599839531,3265.479118600718
7398318778544688390,709.2252673129892
7407572572998602014,7271.463938902893
7429510727162957099,22526.24454066201
7403889289056095530,2115.7416881221834
7411366665675345198,689.1920914032231
7424684955181026591,564.2457372895145
7402046111126457642,213.8980348626061
7433987334225268011,365.7975029870713
7425019681985072426,1565.7423104553347
7428748669303737630,1195.4847543837045
7399109245708373279,916.9530650714466
7410641001276132639,503.79144258638973
7391994807121464619,751.7508542770809
7434697327912242463,1827.5328827927692
7396894001615342891,311.13776823339794
7390563466207202606,7546.986538416799
7407231198910582022,571.8341238809576
7386444895021518126,2816.134649653741
7422797632474565931,2795.497686729073
7413896888467918126,2892.3196967572394
7399116811528047914,547.6763494779991
7427326243256798495,572.489667937355
7424668385394347307,4794.968786947586
7424734365705342251,775.785998965015
7391297011175181598,562.2613141365777
7399882442162572575,11250.713618224501
7392753239709469982,6163.860779648423
7420240423731432734,864.328659857174
7386479916658740523,1754.5187698859772
7401671748116073759,582.5248040705455
7401349194927164702,608.5261250151483
7409808195377515822,988.9521679111433
7429513742691470622,2763.643304793505
7415841107038489902,581.8532945636929
7428449985798343982,24454.281763244606
7390884949538147614,414.91222903984436
7423565359329922335,1489.3440659101343
7396115594002697515,3522.3096743362003
7398737483032169758,450.8338941275739
7415785975164521759,7390.761690549365
7391284620718804254,10622.057406986914
7407942572657626398,1328.1600157553307
7428772005580786987,1433.088166414455
7400572994130578730,521.9894963553985
7403887805530754346,440.4406153280591
7403861678703660319,122246.10446361375
7432805940665109790,918.10685823836
7397935923729763630,30458.42705278178
7387549450224291105,3211.1971556573976
7422805796997680414,1003.7222322797303
7402820144449326378,3291.597766473768
7423905602075626795,7106.402204847067
7394233244494892318,753.6192955874659
7429114678594391326,1131.575561990369
7392023382474313006,429.3609404957255
7423566376339524906,687.757787091781
7384975234455194923,823.7515425232779
7391313412590013738,525.1749135273612
7411314497425640734,575.1464761341651
7388300575768661290,511.1184017262761
7402459256424811819,651.2029384506689
7390955703168552235,1842.3837989029962
7403555594726100254,512.038255701187
7394611721924594975,440.61929400476095
7393475101947268398,966.4761757004902
7425077510485871902,678.9617452589275
7415439420721057055,2274.279693887624
7419108535394438431,1089.0161930427525
7410545239913499946,443.12205150367197
7407601716838878507,124.71103639389034
7427277291480239391,1280.9032754311856
7429494536948239662,1493.3674772331424
7394276654580763946,972.7453466054019
7415784315440713002,858.0509170839683
7390573434113183006,1107.3076355681753
7418363740065778986,1408.875496520935
7397247490451344682,445.0712724151553
7419885917193653534,2341.5620855412194
7385409578894118186,383.2860303216189
7418391420458781994,2507.11966159325
7418047720272694559,690.1096325633137
7426142121813560622,2153.9760117859564
7401282422483979550,2084.461502378178
7428392245440662830,509.06507775144917
7398712692954926378,2738.80499664738
7393184866998750494,2291.2709032249268
7426645205954219306,756.8133898435372
7392808241819913515,462.8415450628353
7391713397437467946,2179.0215969875726
7392743370382380334,1865.2165032355729
7421354261365263647,1013.7642353838164
7425397323137682730,581.0542296246898
7427309396188777770,1261.9024976417675
7433201211123191083,13642.650523945173
7422043647048207646,5074.483157297684
7398333365394410783,134.92962745860737
7400926389282606382,2356.0128329454697
7411698199473311019,1939.9626616103399
7394637768917355822,1630.324179863724
7423977308807040299,774.8641661585076
7434737854028221739,2537.2339610326953
7417285567152393503,3189.027632502107
7405371741486271775,322.80542819828185
7423565447615794475,1808.8299532140559
7384246234141314347,280.9746398402847
7415010112009555206,435.821074681458
7404675602680122666,203.21271456606377
7414296285257141547,525.3309166758982
7390523524328213790,873.3554970431728
7434006204269055275,726.3167605739012
7392404524104764703,1326.6721925409356
7386432525863750954,1264.1030755856561
7394238013087255839,1058.0083191756953
7402033365307886894,1164.8461446722922
7433273614125763870,180.38521686846062
7419877697960070405,691.7414583343677
7403907021793283371,1075.0896694188011
7406146974061268255,1431.6318289700685
7419107614576889130,1257.5793707330129
7410549605781343530,1479.2623432442072
7422871160758619422,316.0675287116206
7421681017888460075,1034.6737747056252
7384628990734159150,1816.5718361660213
7402379869973220651,825.6961974571906
7406476381699312927,1281.3075587146964
7403885303758540078,483.4533849069925
7412397724315684127,900.119150896436
7425072780091067691,2514.890272070855
7416193458890755370,391.34291537151796
7392759647817501983,2450.1304924829556
7391618059313712414,417.2958382368305
7413523453179071790,3649.2428257548795
7409141282305477918,259.2607022433434
7417962764951358762,437.63422507469846
7428365177038310686,1722.2501867439526
7426173028536519967,169.96074339521962
7426534529239747883,1384.5485155404417
7425804025683070251,651.9968405057483
7395001965681429791,6465.185807690756
7414304552649821482,1782.789688579888
7397633175498886442,233.87962638471853
7401309447311723819,1450.9267206101545
7412420268628413739,3332.4743448187965
7425810821743234347,4207.626046145784
7419469291398991135,795.1445472787411
7419920115715575046,320.4029453025796
7395797472355929374,3788.764322078508
7410546208587910443,1358.041185382781
7426537411099757854,468.8504812931035
7411309505944014126,1178.9014714119073
7399511829287849258,257.18241569319815
7392456452159425834,230.0657066809529
7410928245186530606,4078.358107345843
7422806393071340846,749.7323104704953
7425473112986127646,1151.2018247970668
7392789739352460574,759.0898955951375
7422117280181407007,566.7411496115697
7429556138179398942,1161.0365067958078
7414270354371169579,3354.7713866397735
7387972373737164074,387.01943703226004
7404303303523323178,353.6508515007727
7399794064985525535,915.6126897143838
7423575228766342443,592.3703079519812
7391272165951212842,208.07992121105966
7405785138220551455,2067.664220782552
7420208140328881454,188.33217217278525
7421726215226117406,3305.046670436805
7388695922991009066,872.1068498529162
7407573631355669790,1118.9149876580268
7414287083763813678,819.2524193753802
7394592740350397702,622.3627530192117
7389766090827582750,906.4521681378515
7395011225014340894,1576.540068017215
7394982302985522474,771.8131767416855
7385715521993461035,392.03074665350505
7403963843250048286,621.4621150159852
7426555081799028014,532.7986215756888
7399798481210150190,622.5792999901973
7408313822072589611,994.3444399832915
7415087716926229803,4832.690719769372
7434751498032041262,1003.8529591295368
7429120050323377451,2575.829090592555
7399074442372042015,967.0052199164417
7390950304927190303,421.4205941481346
7413979982831111467,10556.468567868695
7385032194659519790,1562.454757822862
7399130711396994350,1402.8289845871222
7426131866073369902,431.5908212638094
7410977040255520030,611.8413079636105
7403215844567993630,493.15167963886705
7415382715802914091,425.4912911930147
7424323460253355294,327.1105986978118
7401636916422233390,3568.287425351888
7424343569210625323,745.3515424806767
7410919058075323679,3114.8468339849583
7417962335760862495,2143.4517607446646
7414652824337894698,657.0843089478354
7435505012756811051,841.8513782365883
7426509863552830750,806.5598224404815
7384650426488163630,1331.1559988321362
7429130221267471662,4303.8350771587475
7417220970450275630,551.7480899633898
7433993027749694751,2573.844270076269
7411321398553005355,1842.0840160046423
7422070036170313006,471.7386710468721
7399439888107490603,569.7418197982656
7387946037543030047,2485.943994685029
7395347777754107178,2611.217964528503
7394995129813077279,2904.920176412289
7434688133653941534,1178.043942814381
7395335796217171231,1358.1524698030323
7393872571625655598,1362.8504626077374
7386820448887115039,1203.271763389278
7415773987801746731,651.6716876740365
7426127455632624926,8496.17342504832
7394593932732075294,283.50815260499337
7408399626933521695,264.20208337228553
7435450968231169323,264.6627955263749
7384958968801643819,6190.999260730259
7402440601930648862,356.37807368692694
7391684930637434142,968.6710589726389
7420628578267614507,2366.3560992590965
7400175078136237343,870.4368105130093
7390174496969313579,438.27608102894965
7415091474326392094,1936.4098553725348
7390949881034083614,1177.5032675708985
7418407990132264235,509.57830007750977
7402014563706703134,202.33075165228956
7409077490536451374,2637.209633738165
7397223601818193183,234.3786115429051
7420934047406345514,60820.72469195694
7413973540946447647,704.0253287848692
7397216429583387950,1409.325927534517
7434351818521546026,1961.7899209730022
7405811640848977194,1034.1613022845816
7425835742619897130,476.17314406938954
7419116935801081119,288.78849934850257
7413927073997229343,6361.626999575928
7415806527010884907,1675.111602331647
7433223089904962862,1533.9457745793643
7399477175247736107,845.3621917731833
7389762134814510367,1017.8390685568716
7425061552123809055,1445.8717557557352
7428789083301760287,1473.7759237062025
7392799139525905706,2034.224959039773
7412041596411055402,1004.4037344970424
7420634230360771871,6584.685835609249
7400547092852231466,2454.208039187126
7422838420533185823,1939.4268010177568
7394628134496111915,1270.4597952923236
7389759003435322655,505.5843451532102
7402811680847187230,855.3003608197948
7409089860654370091,586.1152469009551
7394296628699499806,1607.047570433608
7421026940259241258,624.8788390872871
7420219389502590254,362.36068489200045
7391702047705419051,369.9464491686817
7411376323433663790,2412.282378984625
7387568878630554911,2189.815583717642
7414728041760361771,835.1101230389297
7411282557955902766,28751.748356317017
7406129827213970734,781.7286957567246
7412479882413739294,1121.8425032761568
7389833470991895854,777.2316607568422
7417682275447508270,1042.7541129813299
7415829781188496683,517.3399991037954
7390575846794300714,834.9173162729505
7385734873874435358,545.875003119755
7420532840263093546,1404.2803056442447
7420253717339065646,396.1755497126763
7387619489321323819,853.4586463350242
7407987450754108702,294.4066383986466
7405771667294702891,2498.8923988203524
7409839206001921310,13833.515688238276
7426877895395511595,268.9445212463748
7396847273331805470,6226.557120862989
7415098182683692318,4057.393998952631
7396132135070993695,27213.273485912465
7415062399251746090,1083.3924527747515
7410603768137436446,631.1258561871498
7417236381262662958,3589.437037652548
7395021725181709610,3057.2201470578475
7389790968330849579,926.9063425199583
7396847794872585518,1396.638806919927
7404696080832711982,1315.5785308334587
7409434203864960286,7596.874713287104
7412406045437332779,435.562727541011
7384996826140675370,8545.222983575717
7384177529092951338,2348.232726033595
7402829820079377706,1218.3750077465836
7434698104529636638,859.1842435990443
7414354779746520366,673.9499958576345
7426904506631195947,883.8275815306046
7433636212595821867,4224.802522166085
7397946877745941806,7232.565347201054
7421323513392500014,1022.1227909953506
7413602348443979051,1897.380990242169
7428420588592565534,4927.18453837013
7418775394477690142,456.8632499118927
7405074231429434666,2712.8922599098073
7384244962147224863,91.04743527382143
7425098600004259103,1084.0616625100831
7408029716524829982,290.2355524541745
7434306667946216750,2259.1110435290216
7400568327317376286,1038.46576257438
7386105612838407454,291.4190882703698
7402764467605474603,276.84971267713786
7435144045095046431,1662.7060263602082
7426892737326124330,535.7337969676943
7396900133901765931,911.8259610197069
7411662092454858027,4915.593874970324
7395048856699931934,2529.5771002273073
7415782991638646047,1081.6090351767407
7405775275440622879,189.43178906142944
7417594077740272927,617.0600451272871
7434746174243949867,2901.232811210434
7397989392343633194,785.4453582793902
7400575752732757278,1205.596681709382
7395727035122928938,1799.8317761020032
7385040354476723502,122.84679986883408
7418359889262677291,1010.8517262951211
7419476934427528490,5991.6448923687185
7400546820079881515,161.32672277779653
7413904215707274539,287.4035273087771
7404998521616829742,4270.753320341116
7426577289946828078,1120.2356961792548
7403922131957927211,624.6991743413676
7407944191050829102,308.1468402624246
7403561005999197486,1366.5883591421766
7389105842294918442,847.1210759130737
7422064119609560350,807.2328876164197
7421322222842858798,239.08954561635383
7399130715872333063,417.4844772585861
7409503720368688430,4540.651286112055
7395364013825150251,659.771078374894
7413141517268749611,383.40925195454844
7397207203486256427,366.2091067847564
7396916759581723950,612.9235081315164
7387602190556286250,1727.5102594721222
7415374934987361566,298.3621649021092
7393109796469181738,83.90144576993251
7413586858757737770,2470.4277924912003
7395030877329280287,3274.933349870332
7420974792897056030,305.8826667599495
7392010755287158046,433.8328068256333
7404310282740305194,3868.624732632612
7390523393218465067,9037.591112454154
7384628081870245166,3967.901566289295
7404271436468292910,640.8162804208605
7397182928503016734,630.7292813531365
7405423723009805599,398.22043925874755
7428453037666012447,1452.2071164420386
7401715606006861099,788.641668536776
7387194466446232874,292.97669064516566
7401653302292712747,3339.5698542350783
7410067510256586014,4335.083133792692
7428046001941875998,1374.3338242012305
7425790763197304107,1012.8297655742841
7397249940738641183,858.7812868687593
7407267518143810846,2855.8154678225733
7398711093570424094,421.3173250337357
7433935270132731178,1398.4279882580147
7421361063314165035,700.175039912217
7432884101369171242,9478.615055528877
7435062566386208042,31793.64392018005
7427984750708641054,884.6434625186982
7403553346818264351,4443.629644864224
7423624614137433375,732.6530686676708
7419826217752235307,288.5787761038667
7424366271946296606,1176.6860547648512
7386823742179036447,715.4396023354278
7411296399871986987,839.9571833613627
7424660409610767658,1482.8077434308857
7427320815466630446,593.0823279764982
7390593407628102958,434.5465488725141
7384222971503643935,335.1783025987778
7391274577176857898,613.7517598091151
7398763861739851039,823.1289246220219
7419480557064572190,1191.330425536119
7433639541220625695,2344.0392835719026
7405787979882450206,99.21831769234603
7393870462691921194,2323.513522416279
7395712868814982431,207.45866264927236
7405396096056380702,796.679262857865
7417253919266508062,1172.1217074480066
7392809026574241067,487.9914819050372
7414345393607118110,1317.5048751619438
7399813193058536734,1137.7223846210873
7391641386103180586,1886.049439596524
7384215709175303467,786.0283015705918
7420255519769726251,369.59454805164097
7407238514791714079,693.4545855550037
7403956966105632042,1632.7096259526838
7397925631989910830,428.9514223105214
7426504778697428267,1394.2866393727622
7422103375547780383,277.614038860808
7405758071080865067,1612.6063575089904
7424314072436346154,5052.183934147744
7434352135715753258,2091.666459952697
7427983673896471850,172.9225805436308
7417995856667856159,6940.392575142247
7421364191363157279,361.14790102883006
7433621400809721118,708.351181518225
7422799659157949738,2892.454120347926
7394503051006070058,1303.566377596832
7410608286975773994,804.2080787528165
7408705219636350238,189.7020689607725
7402475307711614239,901.3448172056784
7400953027705720095,559.7155444502864
7417667212971871531,993.4841447191952
7390583781482073390,44902.79489853775
7400991550794206510,532.3827890939627
7404670311439797512,310.48331792260115
7389030163775802670,862.0600620760657
7425412958114565419,1462.3123634080562
7393125863388106026,571.6719955799838
7393488937379007787,592.2212249815375
7394981392234351914,6368.640151799082
7392408974978633006,512.2156030627953
7391295919955643691,439.0043113180827
7415389048744742174,765.600452113591
7386433041842867498,1945.8007199222118
7402104921715182890,792.5596764238112
7420250489054399774,482.4212871393611
7405719824472771886,3498.5413244940833
7413515026398448942,624.8486861102901
7408693604736093486,574.8955218893647
7410577958945213742,2104.648252880306
7387977599709973790,2424.6186855967285
7388339268659285279,1403.1342019526414
7429488993735216430,5061.7023179968855
7406111082701540639,474.6711211389701
7410638715850132766,1118.056466956217
7398303833174052127,1232.255997468103
7404676802074955038,862.0391889658649
7413152220520189227,180.80622233418111
7385685381670309151,976.6359695259711
7398680462928907562,1678.8067530566939
7415070418379361579,9164.217496736861
7415379190825962794,2993.0978289979794
7418426771290197291,2406.1440477600963
7401366086882446622,106670.78294046212
7390132937213234478,11355.064528644456
7393863251278236958,343.74038356544287
7409156415337549086,429.39123844084116
7411687727206370565,7981.315628406724
7427650044528102702,1721.7474055086984
7392028351105469738,7904.896121781724
7409113777397845278,2455.723613095266
7425801710494289183,1205.046227328307
7390971737870978335,852.1716014136314
7389042384044133675,930.7927737598013
7408025601296157983,164.32845230707696
7428029867456793887,1144.8973429810935
7395042696022199583,2550.5015774379344
7426559630605585707,315.18835878078255
7422047759345290542,566.818589980967
7387571071106452766,2720.9741833997846
7412431829036272939,602.0664774132488
7419097685698907422,3546.8851045619963
7435054873424448799,1805.6435478845776
7399497723420020014,412.0742861464087
7386832410144509226,3394.140167991513
7397607270172986654,2190.9407221615193
7401283645484453150,696.1555368840359
7384986591766498606,1032.6721094601478
7401326802653760811,1436.1605274460853
7390182466851458346,6216.6555331162745
7433964973220547883,1708.0756088910475
7411312175005961514,17080.50926490609
7409155770203245855,167.9561251197999
7428024565424590110,1505.6286858121207
7421334057016904990,6991.296755210393
7414653124926835998,2838.4102176328606
7396469033534573855,655.9599570606956
7385714775470214442,1218.6978964386476
7396153835502243078,745.6172595346293
7399830816072715563,1829.3175355102462
7426201561354751262,561.6204273549205
7435116170954542378,448.8385943925432
7389018811032227118,4858.129941209341
7393164226103184686,253.50610725251994
7422847051060235563,591.8908655192087
7385739143155911967,1429.3560368899089
7398715259399310623,542.3115871552146
7424286338498710814,291895.1020357966
7429548979001576734,169.2123960569484
7418706873316166954,7902.940654448289
7411011085492374826,355.35438406949413
7420569432470179102,990.9695409110454
7393495679752080682,310.94591717819645
7407591424826330411,1845.3768629325618
7427331543414115626,9676.15978343938
7388735665803939118,203.49686668771128
7401705067717463338,1193.1418964517047
7402465850764119342,323.2800044499252
7404233930360081695,1150.190040122164
7425405465346968863,153265.49316676942
7384268286478961963,233.64349503657476
7394220417432489247,178974.92975004436
7418794472605060382,1800.8247720614033
7387264972746771743,422.6428985701915
7400627157136985387,888.6421668137541
7398690626209877290,24054.952138576955
7396508112410234143,5927.262626922383
7386822923509681450,4946.652724144683
7413887679235902750,4109.1607994705355
7423543226662997278,535.4936661827235
7403501553912532270,8912.632282342498
7400200043073948971,694.2954580361422
7419462744371662126,2789.729047620966
7394985085138685214,479.5541313979163
7389442116524576006,2057.5167634135655
7389426539928014122,1898.0569328002348
7433243865911397663,3101.4245218939723
7396091979941055790,1810.9728257514332
7389810738694491423,6478.045782924188
7393182645661846827,936.2069344622682
7403180293621878058,1032.652573653658
7391642736333507870,884.3450330293033
7415075881254800671,1004.8436578081693
7403205645500992810,642.6940922778432
7386821720834903342,187.44152253296767
7429117403713277215,1232.6724014067956
7393885728083545374,1072.5835544255644
7407673307933199646,1737.5050060292037
7401263255882157354,151875.1979559426
7417646560625937707,539.5390659387027
7387982409435761963,7660.958081590925
7423197632501239082,1653.7112349279519
7392405826482441502,2879.9684108192178
7409098773156138282,5723.871338635065
7402400321349094687,1577.5261586762101
7404985500823604522,5571.562985521923
7390141646425378078,367.73119932851534
7409099055852440878,861.5590160550299
7402811882513501470,2845.7440091561666
7429139506273570079,750.0113438518974
7404990186536389918,10221.968456251298
7429141481102871838,503.19042041564575
7403536376764976415,472.743951966448
7432846600185171242,1550.9100533397727
7399093323484482846,810.7493840156426
7397940252259781931,1515.6756029509488
7435467370174663982,524.7456546892092
7395751963989789982,1386.9884786491298
7410872449270566175,887.5301348406822
7384955766727314719,1044.8733252984186
7402452533760871710,484.78983356538254
7400985690684591402,5413.445498789772
7396915547872464170,1682.2072449654313
7395781228487593246,748.3935573688389
7397558528992398623,333.9004936507511
7396084910055804206,1469.976578666423
7411284322440826154,1264.5618541484914
7388684143795719466,475.00837791628635
7406527129829084447,3049.0187292657165
7402075471078346015,22815.447080869424
7415766063951924523,667.6565100387648
7394254935401041182,638.7949082588555
7433290902900051231,162.0078564797302
7433291301946215710,666.8400245174196
7390885619674778910,307.3057734789149
7387927824692284714,771.9241228080715
7395797910517992747,1256.287694910741
7395707047188139294,1005.0360965431
7427621655494610222,3955.2592658156523
7409454663973522719,184.23492944907224
7422058982417763614,974.9791094901794
7400568243666210094,1517.6887357632877
7396880238975651102,561.0098122420237
7426553863844547871,1631.6324305051783
7412415480448699679,584.7524600843259
7418010790654938398,12319.363128166618
7408398515107286303,2134.5810618711157
7392411611270565150,1647.7531075093611
7420236162209729838,1331.247493639737
7407579149717507370,9397.575868818107
7404645857737329951,193.01704005582312
7402388655412907310,3391.2382991750283
7427668420923018539,398.2278553109858
7393871185320234271,2906.7381876939444
7405781010484333855,667.6353577248221
7420661047238888746,340.4040677117831
7397558101219560710,787.1541518070087
7425822115888139566,761.7779709918407
7395333920432180486,275.9360452151934
7404271536078605574,1931.4511580827293
7404628338523819294,2355.132405821792
7402378671798914334,407.5631167062741
7405385756845296927,2031.957182910039
7432898291513265450,390.7741448483048
7397193857647021354,4926.524261801138
7423256022145355013,571.3679235815985
7396889460236930334,604.197995074779
7426212771651570990,3171.8167999167867
7386080345180884255,562.9062351642374
7393848827318390046,773.3322740169535
7425762074661326123,294.4418439882122
7399079724623957278,605.0584324789038
7422084993142361387,515.0674319072284
7391299849964244270,866.8289179238019
7397238971648019742,4764.828167316787
7393132932124364078,1322.3992696522048
7413891095492332846,1456.7919789245823
7395726327942303006,792.9966048117024
7428439199319133471,1586.7492785723084
7398675865569135915,325.38154614951657
7432846427950157099,1843.5735748625661
7390519295307975967,298.9657127109199
7421780641076792607,561.1679913739362
7414318888621591851,9861.299296666637
7419883383829908782,1447.7168454929206
7429098654780247327,688.7746234953536
7386471720183532830,540.8858721065491
7434768870398905642,573.1689191956657
7406094288574090539,905.4723080661191
7390157210262752554,6511.851052167606
7390539514910887211,4746.34128348508
7397941061592567082,747.3002728295537
7390958580263816491,1520.739344594694
7400231177900002602,922.1485240406621
7408393297476980010,13770.970663970907
7400909681876553003,520.3643214024333
7398009986967751966,2408.736971414761
7386092848254340394,2655.3089778960266
7415766593763937566,532.647399294237
7413206594357415211,366.00581048602936
7410547298008091935,1065.0200218584534
7405439946170846495,320.23527052920804
7409526103712222495,3079.589764381884
7410202833171074324,3147.8843351470714
7414655896195763487,653.3756663290762
7434012629510704415,1530.6964148480688
7404303508939296005,500.701719123786
7414640331418766623,8851.493682216751
7385753698322107694,206.80693624754875
7396450490755599646,1473.6478823372584
7394227114775711022,328.30769145158814
7408706357488127262,10330.765386826308
7402665178577243423,2274.9926355348643
